year,title,artist,rank,top_10
2003,Bad Day,Daniel Powter,1,1
2003,Temperature,Sean Paul,2,1
2003,Promiscuous,Nelly FurtadoFeaturingTimbaland,3,1
2003,You're Beautiful,James Blunt,4,1
2003,Hips Don't Lie,ShakiraFeaturingWyclef Jean,5,1
2003,Unwritten,Natasha Bedingfield,6,1
2003,Crazy,Gnarls Barkley,7,1
2003,Ridin',ChamillionaireFeaturing Krayzie Bone,8,1
2003,SexyBack,Justin Timberlake,9,1
2003,Check On It,Beyonce FeaturingSlim Thug,10,1
2003,Be Without You,Mary J. Blige,11,0
2003,Grillz,"NellyFeaturing Paul Wall,Ali& Gipp",12,0
2003,Over My Head (Cable Car),The Fray,13,0
2003,Me & U,Cassie,14,0
2003,Buttons,The Pussycat DollsFeaturingSnoop Dogg,15,0
2003,Run It!,Chris Brown,16,0
2003,So Sick,Ne-Yo,17,0
2003,It's Goin' Down,Yung Joc,18,0
2003,SOS,Rihanna,19,0
2003,I Write Sins Not Tragedies,Panic! At The Disco,20,0
2003,Move Along,The All-American Rejects,21,0
2003,London Bridge,Fergie,22,0
2003,Dani California,Red Hot Chili Peppers,23,0
2003,Snap Yo Fingers,Lil JonFeaturingE-40& Sean Paul Of The YoungBloodZ,24,0
2003,"Lean Wit It, Rock Wit It",Dem Franchize Boyz FeaturingLil Peanut& Charlay,25,0
2003,What Hurts The Most,Rascal Flatts,26,0
2003,How To Save A Life,The Fray,27,0
2003,Unfaithful,Rihanna,28,0
2003,Chasing Cars,Snow Patrol,29,0
2003,Lips Of An Angel,Hinder,30,0
2003,Everytime We Touch,Cascada,31,0
2003,Ain't No Other Man,Christina Aguilera,32,0
2003,"Dance, Dance",Fall Out Boy,33,0
2003,Gold Digger,Kanye WestFeaturing Jamie Foxx,34,0
2003,Money Maker,LudacrisFeaturing Pharrell,35,0
2003,Ms. New Booty,Bubba SparxxxFeaturing Ying Yang Twins & Mr. ColliPark,36,0
2003,(When You Gonna) Give It Up To Me,Sean PaulFeaturingKeyshia Cole,37,0
2003,Photograph,Nickelback,38,0
2003,Because Of You,Kelly Clarkson,39,0
2003,Stickwitu,The Pussycat Dolls,40,0
2003,I'm N Luv (Wit A Stripper),T-PainFeaturing Mike Jones,41,0
2003,My Humps,The Black Eyed Peas,42,0
2003,Where'd You Go,Fort MinorFeaturingHolly Brook,43,0
2003,Yo (Excuse Me Miss),Chris Brown,44,0
2003,Walk Away,Kelly Clarkson,45,0
2003,Laffy Taffy,D4L,46,0
2003,What You Know,T.I.,47,0
2003,Dirty Little Secret,The All-American Rejects,48,0
2003,Savin' Me,Nickelback,49,0
2003,Don't Forget About Us,Mariah Carey,50,0
2003,Sexy Love,Ne-Yo,51,0
2003,U And Dat,E-40FeaturingT-Pain& Kandi Girl,52,0
2003,Far Away,Nickelback,53,0
2003,What's Left Of Me,Nick Lachey,54,0
2003,So What,Field Mob FeaturingCiara,55,0
2003,Do It To It,CherishFeaturing Sean Paul Of The YoungBloodZ,56,0
2003,Black Horse & The Cherry Tree,KT Tunstall,57,0
2003,There It Go! (The Whistle Song),Juelz Santana,58,0
2003,Shoulder Lean,Young DroFeaturing T.I.,59,0
2003,Unpredictable,Jamie Foxx FeaturingLudacris,60,0
2003,My Love,Justin TimberlakeFeaturing T.I.,61,0
2003,Shake That,EminemFeaturingNate Dogg,62,0
2003,Pullin' Me Back,ChingyFeaturingTyrese,63,0
2003,Bossy,KelisFeaturingToo $hort,64,0
2003,Chain Hang Low,Jibbs,65,0
2003,Smack That,AkonFeaturingEminem,66,0
2003,One Wish,Ray J,67,0
2003,"Sugar, We're Goin' Down",Fall Out Boy,68,0
2003,Gimme That,Chris BrownFeaturingLil Wayne,69,0
2003,I Know You See It,Yung JocFeaturing Brandy 'Ms. B.' Hambrick,70,0
2003,Who Says You Can't Go Home,Bon Jovi,71,0
2003,Too Little Too Late,JoJo,72,0
2003,Touch It,Busta Rhymes,73,0
2003,Rompe,Daddy Yankee,74,0
2003,Deja Vu,Beyonce Featuring Jay Z,75,0
2003,Life Is A Highway,Rascal Flatts,76,0
2003,Call Me When You're Sober,Evanescence,77,0
2003,"Jesus, Take The Wheel",Carrie Underwood,78,0
2003,Show Stopper,Danity Kane,79,0
2003,Get Up,CiaraFeaturingChamillionaire,80,0
2003,We Be Burnin',Sean Paul,81,0
2003,Hate Me,Blue October,82,0
2003,You And Me,Lifehouse,83,0
2003,Beep,The Pussycat DollsFeaturingwill.i.am,84,0
2003,I Think They Like Me,"Dem Franchize Boyz FeaturingJermaine Dupri,Da Brat&Bow Wow",85,0
2003,Say Goodbye,Chris Brown,86,0
2003,Waiting On The World To Change,John Mayer,87,0
2003,Soul Survivor,YoungJeezyFeaturingAkon,88,0
2003,Pump It,The Black Eyed Peas,89,0
2003,When I'm Gone,Eminem,90,0
2003,Hung Up,Madonna,91,0
2003,Stay Fly,Three 6 MafiaFeaturingYoung Buck& Eightball & MJG,92,0
2003,Love,Keyshia Cole,93,0
2003,When You're Mad,Ne-Yo,94,0
2003,Why You Wanna,T.I.,95,0
2003,Stupid Girls,P!nk,96,0
2003,Feel Good Inc,Gorillaz,97,0
2003,I'm Sprung,T-Pain,98,0
2003,Do I Make You Proud,Taylor Hicks,99,0
2003,For You I Will (Confidence),Teddy Geiger,100,0
2004,Bad Day,Daniel Powter,1,1
2004,Temperature,Sean Paul,2,1
2004,Promiscuous,Nelly FurtadoFeaturingTimbaland,3,1
2004,You're Beautiful,James Blunt,4,1
2004,Hips Don't Lie,ShakiraFeaturingWyclef Jean,5,1
2004,Unwritten,Natasha Bedingfield,6,1
2004,Crazy,Gnarls Barkley,7,1
2004,Ridin',ChamillionaireFeaturing Krayzie Bone,8,1
2004,SexyBack,Justin Timberlake,9,1
2004,Check On It,Beyonce FeaturingSlim Thug,10,1
2004,Be Without You,Mary J. Blige,11,0
2004,Grillz,"NellyFeaturing Paul Wall,Ali& Gipp",12,0
2004,Over My Head (Cable Car),The Fray,13,0
2004,Me & U,Cassie,14,0
2004,Buttons,The Pussycat DollsFeaturingSnoop Dogg,15,0
2004,Run It!,Chris Brown,16,0
2004,So Sick,Ne-Yo,17,0
2004,It's Goin' Down,Yung Joc,18,0
2004,SOS,Rihanna,19,0
2004,I Write Sins Not Tragedies,Panic! At The Disco,20,0
2004,Move Along,The All-American Rejects,21,0
2004,London Bridge,Fergie,22,0
2004,Dani California,Red Hot Chili Peppers,23,0
2004,Snap Yo Fingers,Lil JonFeaturingE-40& Sean Paul Of The YoungBloodZ,24,0
2004,"Lean Wit It, Rock Wit It",Dem Franchize Boyz FeaturingLil Peanut& Charlay,25,0
2004,What Hurts The Most,Rascal Flatts,26,0
2004,How To Save A Life,The Fray,27,0
2004,Unfaithful,Rihanna,28,0
2004,Chasing Cars,Snow Patrol,29,0
2004,Lips Of An Angel,Hinder,30,0
2004,Everytime We Touch,Cascada,31,0
2004,Ain't No Other Man,Christina Aguilera,32,0
2004,"Dance, Dance",Fall Out Boy,33,0
2004,Gold Digger,Kanye WestFeaturing Jamie Foxx,34,0
2004,Money Maker,LudacrisFeaturing Pharrell,35,0
2004,Ms. New Booty,Bubba SparxxxFeaturing Ying Yang Twins & Mr. ColliPark,36,0
2004,(When You Gonna) Give It Up To Me,Sean PaulFeaturingKeyshia Cole,37,0
2004,Photograph,Nickelback,38,0
2004,Because Of You,Kelly Clarkson,39,0
2004,Stickwitu,The Pussycat Dolls,40,0
2004,I'm N Luv (Wit A Stripper),T-PainFeaturing Mike Jones,41,0
2004,My Humps,The Black Eyed Peas,42,0
2004,Where'd You Go,Fort MinorFeaturingHolly Brook,43,0
2004,Yo (Excuse Me Miss),Chris Brown,44,0
2004,Walk Away,Kelly Clarkson,45,0
2004,Laffy Taffy,D4L,46,0
2004,What You Know,T.I.,47,0
2004,Dirty Little Secret,The All-American Rejects,48,0
2004,Savin' Me,Nickelback,49,0
2004,Don't Forget About Us,Mariah Carey,50,0
2004,Sexy Love,Ne-Yo,51,0
2004,U And Dat,E-40FeaturingT-Pain& Kandi Girl,52,0
2004,Far Away,Nickelback,53,0
2004,What's Left Of Me,Nick Lachey,54,0
2004,So What,Field Mob FeaturingCiara,55,0
2004,Do It To It,CherishFeaturing Sean Paul Of The YoungBloodZ,56,0
2004,Black Horse & The Cherry Tree,KT Tunstall,57,0
2004,There It Go! (The Whistle Song),Juelz Santana,58,0
2004,Shoulder Lean,Young DroFeaturing T.I.,59,0
2004,Unpredictable,Jamie Foxx FeaturingLudacris,60,0
2004,My Love,Justin TimberlakeFeaturing T.I.,61,0
2004,Shake That,EminemFeaturingNate Dogg,62,0
2004,Pullin' Me Back,ChingyFeaturingTyrese,63,0
2004,Bossy,KelisFeaturingToo $hort,64,0
2004,Chain Hang Low,Jibbs,65,0
2004,Smack That,AkonFeaturingEminem,66,0
2004,One Wish,Ray J,67,0
2004,"Sugar, We're Goin' Down",Fall Out Boy,68,0
2004,Gimme That,Chris BrownFeaturingLil Wayne,69,0
2004,I Know You See It,Yung JocFeaturing Brandy 'Ms. B.' Hambrick,70,0
2004,Who Says You Can't Go Home,Bon Jovi,71,0
2004,Too Little Too Late,JoJo,72,0
2004,Touch It,Busta Rhymes,73,0
2004,Rompe,Daddy Yankee,74,0
2004,Deja Vu,Beyonce Featuring Jay Z,75,0
2004,Life Is A Highway,Rascal Flatts,76,0
2004,Call Me When You're Sober,Evanescence,77,0
2004,"Jesus, Take The Wheel",Carrie Underwood,78,0
2004,Show Stopper,Danity Kane,79,0
2004,Get Up,CiaraFeaturingChamillionaire,80,0
2004,We Be Burnin',Sean Paul,81,0
2004,Hate Me,Blue October,82,0
2004,You And Me,Lifehouse,83,0
2004,Beep,The Pussycat DollsFeaturingwill.i.am,84,0
2004,I Think They Like Me,"Dem Franchize Boyz FeaturingJermaine Dupri,Da Brat&Bow Wow",85,0
2004,Say Goodbye,Chris Brown,86,0
2004,Waiting On The World To Change,John Mayer,87,0
2004,Soul Survivor,YoungJeezyFeaturingAkon,88,0
2004,Pump It,The Black Eyed Peas,89,0
2004,When I'm Gone,Eminem,90,0
2004,Hung Up,Madonna,91,0
2004,Stay Fly,Three 6 MafiaFeaturingYoung Buck& Eightball & MJG,92,0
2004,Love,Keyshia Cole,93,0
2004,When You're Mad,Ne-Yo,94,0
2004,Why You Wanna,T.I.,95,0
2004,Stupid Girls,P!nk,96,0
2004,Feel Good Inc,Gorillaz,97,0
2004,I'm Sprung,T-Pain,98,0
2004,Do I Make You Proud,Taylor Hicks,99,0
2004,For You I Will (Confidence),Teddy Geiger,100,0
2005,Bad Day,Daniel Powter,1,1
2005,Temperature,Sean Paul,2,1
2005,Promiscuous,Nelly FurtadoFeaturingTimbaland,3,1
2005,You're Beautiful,James Blunt,4,1
2005,Hips Don't Lie,ShakiraFeaturingWyclef Jean,5,1
2005,Unwritten,Natasha Bedingfield,6,1
2005,Crazy,Gnarls Barkley,7,1
2005,Ridin',ChamillionaireFeaturing Krayzie Bone,8,1
2005,SexyBack,Justin Timberlake,9,1
2005,Check On It,Beyonce FeaturingSlim Thug,10,1
2005,Be Without You,Mary J. Blige,11,0
2005,Grillz,"NellyFeaturing Paul Wall,Ali& Gipp",12,0
2005,Over My Head (Cable Car),The Fray,13,0
2005,Me & U,Cassie,14,0
2005,Buttons,The Pussycat DollsFeaturingSnoop Dogg,15,0
2005,Run It!,Chris Brown,16,0
2005,So Sick,Ne-Yo,17,0
2005,It's Goin' Down,Yung Joc,18,0
2005,SOS,Rihanna,19,0
2005,I Write Sins Not Tragedies,Panic! At The Disco,20,0
2005,Move Along,The All-American Rejects,21,0
2005,London Bridge,Fergie,22,0
2005,Dani California,Red Hot Chili Peppers,23,0
2005,Snap Yo Fingers,Lil JonFeaturingE-40& Sean Paul Of The YoungBloodZ,24,0
2005,"Lean Wit It, Rock Wit It",Dem Franchize Boyz FeaturingLil Peanut& Charlay,25,0
2005,What Hurts The Most,Rascal Flatts,26,0
2005,How To Save A Life,The Fray,27,0
2005,Unfaithful,Rihanna,28,0
2005,Chasing Cars,Snow Patrol,29,0
2005,Lips Of An Angel,Hinder,30,0
2005,Everytime We Touch,Cascada,31,0
2005,Ain't No Other Man,Christina Aguilera,32,0
2005,"Dance, Dance",Fall Out Boy,33,0
2005,Gold Digger,Kanye WestFeaturing Jamie Foxx,34,0
2005,Money Maker,LudacrisFeaturing Pharrell,35,0
2005,Ms. New Booty,Bubba SparxxxFeaturing Ying Yang Twins & Mr. ColliPark,36,0
2005,(When You Gonna) Give It Up To Me,Sean PaulFeaturingKeyshia Cole,37,0
2005,Photograph,Nickelback,38,0
2005,Because Of You,Kelly Clarkson,39,0
2005,Stickwitu,The Pussycat Dolls,40,0
2005,I'm N Luv (Wit A Stripper),T-PainFeaturing Mike Jones,41,0
2005,My Humps,The Black Eyed Peas,42,0
2005,Where'd You Go,Fort MinorFeaturingHolly Brook,43,0
2005,Yo (Excuse Me Miss),Chris Brown,44,0
2005,Walk Away,Kelly Clarkson,45,0
2005,Laffy Taffy,D4L,46,0
2005,What You Know,T.I.,47,0
2005,Dirty Little Secret,The All-American Rejects,48,0
2005,Savin' Me,Nickelback,49,0
2005,Don't Forget About Us,Mariah Carey,50,0
2005,Sexy Love,Ne-Yo,51,0
2005,U And Dat,E-40FeaturingT-Pain& Kandi Girl,52,0
2005,Far Away,Nickelback,53,0
2005,What's Left Of Me,Nick Lachey,54,0
2005,So What,Field Mob FeaturingCiara,55,0
2005,Do It To It,CherishFeaturing Sean Paul Of The YoungBloodZ,56,0
2005,Black Horse & The Cherry Tree,KT Tunstall,57,0
2005,There It Go! (The Whistle Song),Juelz Santana,58,0
2005,Shoulder Lean,Young DroFeaturing T.I.,59,0
2005,Unpredictable,Jamie Foxx FeaturingLudacris,60,0
2005,My Love,Justin TimberlakeFeaturing T.I.,61,0
2005,Shake That,EminemFeaturingNate Dogg,62,0
2005,Pullin' Me Back,ChingyFeaturingTyrese,63,0
2005,Bossy,KelisFeaturingToo $hort,64,0
2005,Chain Hang Low,Jibbs,65,0
2005,Smack That,AkonFeaturingEminem,66,0
2005,One Wish,Ray J,67,0
2005,"Sugar, We're Goin' Down",Fall Out Boy,68,0
2005,Gimme That,Chris BrownFeaturingLil Wayne,69,0
2005,I Know You See It,Yung JocFeaturing Brandy 'Ms. B.' Hambrick,70,0
2005,Who Says You Can't Go Home,Bon Jovi,71,0
2005,Too Little Too Late,JoJo,72,0
2005,Touch It,Busta Rhymes,73,0
2005,Rompe,Daddy Yankee,74,0
2005,Deja Vu,Beyonce Featuring Jay Z,75,0
2005,Life Is A Highway,Rascal Flatts,76,0
2005,Call Me When You're Sober,Evanescence,77,0
2005,"Jesus, Take The Wheel",Carrie Underwood,78,0
2005,Show Stopper,Danity Kane,79,0
2005,Get Up,CiaraFeaturingChamillionaire,80,0
2005,We Be Burnin',Sean Paul,81,0
2005,Hate Me,Blue October,82,0
2005,You And Me,Lifehouse,83,0
2005,Beep,The Pussycat DollsFeaturingwill.i.am,84,0
2005,I Think They Like Me,"Dem Franchize Boyz FeaturingJermaine Dupri,Da Brat&Bow Wow",85,0
2005,Say Goodbye,Chris Brown,86,0
2005,Waiting On The World To Change,John Mayer,87,0
2005,Soul Survivor,YoungJeezyFeaturingAkon,88,0
2005,Pump It,The Black Eyed Peas,89,0
2005,When I'm Gone,Eminem,90,0
2005,Hung Up,Madonna,91,0
2005,Stay Fly,Three 6 MafiaFeaturingYoung Buck& Eightball & MJG,92,0
2005,Love,Keyshia Cole,93,0
2005,When You're Mad,Ne-Yo,94,0
2005,Why You Wanna,T.I.,95,0
2005,Stupid Girls,P!nk,96,0
2005,Feel Good Inc,Gorillaz,97,0
2005,I'm Sprung,T-Pain,98,0
2005,Do I Make You Proud,Taylor Hicks,99,0
2005,For You I Will (Confidence),Teddy Geiger,100,0
2006,Bad Day,Daniel Powter,1,1
2006,Temperature,Sean Paul,2,1
2006,Promiscuous,Nelly FurtadoFeaturingTimbaland,3,1
2006,You're Beautiful,James Blunt,4,1
2006,Hips Don't Lie,ShakiraFeaturingWyclef Jean,5,1
2006,Unwritten,Natasha Bedingfield,6,1
2006,Crazy,Gnarls Barkley,7,1
2006,Ridin',ChamillionaireFeaturing Krayzie Bone,8,1
2006,SexyBack,Justin Timberlake,9,1
2006,Check On It,Beyonce FeaturingSlim Thug,10,1
2006,Be Without You,Mary J. Blige,11,0
2006,Grillz,"NellyFeaturing Paul Wall,Ali& Gipp",12,0
2006,Over My Head (Cable Car),The Fray,13,0
2006,Me & U,Cassie,14,0
2006,Buttons,The Pussycat DollsFeaturingSnoop Dogg,15,0
2006,Run It!,Chris Brown,16,0
2006,So Sick,Ne-Yo,17,0
2006,It's Goin' Down,Yung Joc,18,0
2006,SOS,Rihanna,19,0
2006,I Write Sins Not Tragedies,Panic! At The Disco,20,0
2006,Move Along,The All-American Rejects,21,0
2006,London Bridge,Fergie,22,0
2006,Dani California,Red Hot Chili Peppers,23,0
2006,Snap Yo Fingers,Lil JonFeaturingE-40& Sean Paul Of The YoungBloodZ,24,0
2006,"Lean Wit It, Rock Wit It",Dem Franchize Boyz FeaturingLil Peanut& Charlay,25,0
2006,What Hurts The Most,Rascal Flatts,26,0
2006,How To Save A Life,The Fray,27,0
2006,Unfaithful,Rihanna,28,0
2006,Chasing Cars,Snow Patrol,29,0
2006,Lips Of An Angel,Hinder,30,0
2006,Everytime We Touch,Cascada,31,0
2006,Ain't No Other Man,Christina Aguilera,32,0
2006,"Dance, Dance",Fall Out Boy,33,0
2006,Gold Digger,Kanye WestFeaturing Jamie Foxx,34,0
2006,Money Maker,LudacrisFeaturing Pharrell,35,0
2006,Ms. New Booty,Bubba SparxxxFeaturing Ying Yang Twins & Mr. ColliPark,36,0
2006,(When You Gonna) Give It Up To Me,Sean PaulFeaturingKeyshia Cole,37,0
2006,Photograph,Nickelback,38,0
2006,Because Of You,Kelly Clarkson,39,0
2006,Stickwitu,The Pussycat Dolls,40,0
2006,I'm N Luv (Wit A Stripper),T-PainFeaturing Mike Jones,41,0
2006,My Humps,The Black Eyed Peas,42,0
2006,Where'd You Go,Fort MinorFeaturingHolly Brook,43,0
2006,Yo (Excuse Me Miss),Chris Brown,44,0
2006,Walk Away,Kelly Clarkson,45,0
2006,Laffy Taffy,D4L,46,0
2006,What You Know,T.I.,47,0
2006,Dirty Little Secret,The All-American Rejects,48,0
2006,Savin' Me,Nickelback,49,0
2006,Don't Forget About Us,Mariah Carey,50,0
2006,Sexy Love,Ne-Yo,51,0
2006,U And Dat,E-40FeaturingT-Pain& Kandi Girl,52,0
2006,Far Away,Nickelback,53,0
2006,What's Left Of Me,Nick Lachey,54,0
2006,So What,Field Mob FeaturingCiara,55,0
2006,Do It To It,CherishFeaturing Sean Paul Of The YoungBloodZ,56,0
2006,Black Horse & The Cherry Tree,KT Tunstall,57,0
2006,There It Go! (The Whistle Song),Juelz Santana,58,0
2006,Shoulder Lean,Young DroFeaturing T.I.,59,0
2006,Unpredictable,Jamie Foxx FeaturingLudacris,60,0
2006,My Love,Justin TimberlakeFeaturing T.I.,61,0
2006,Shake That,EminemFeaturingNate Dogg,62,0
2006,Pullin' Me Back,ChingyFeaturingTyrese,63,0
2006,Bossy,KelisFeaturingToo $hort,64,0
2006,Chain Hang Low,Jibbs,65,0
2006,Smack That,AkonFeaturingEminem,66,0
2006,One Wish,Ray J,67,0
2006,"Sugar, We're Goin' Down",Fall Out Boy,68,0
2006,Gimme That,Chris BrownFeaturingLil Wayne,69,0
2006,I Know You See It,Yung JocFeaturing Brandy 'Ms. B.' Hambrick,70,0
2006,Who Says You Can't Go Home,Bon Jovi,71,0
2006,Too Little Too Late,JoJo,72,0
2006,Touch It,Busta Rhymes,73,0
2006,Rompe,Daddy Yankee,74,0
2006,Deja Vu,Beyonce Featuring Jay Z,75,0
2006,Life Is A Highway,Rascal Flatts,76,0
2006,Call Me When You're Sober,Evanescence,77,0
2006,"Jesus, Take The Wheel",Carrie Underwood,78,0
2006,Show Stopper,Danity Kane,79,0
2006,Get Up,CiaraFeaturingChamillionaire,80,0
2006,We Be Burnin',Sean Paul,81,0
2006,Hate Me,Blue October,82,0
2006,You And Me,Lifehouse,83,0
2006,Beep,The Pussycat DollsFeaturingwill.i.am,84,0
2006,I Think They Like Me,"Dem Franchize Boyz FeaturingJermaine Dupri,Da Brat&Bow Wow",85,0
2006,Say Goodbye,Chris Brown,86,0
2006,Waiting On The World To Change,John Mayer,87,0
2006,Soul Survivor,YoungJeezyFeaturingAkon,88,0
2006,Pump It,The Black Eyed Peas,89,0
2006,When I'm Gone,Eminem,90,0
2006,Hung Up,Madonna,91,0
2006,Stay Fly,Three 6 MafiaFeaturingYoung Buck& Eightball & MJG,92,0
2006,Love,Keyshia Cole,93,0
2006,When You're Mad,Ne-Yo,94,0
2006,Why You Wanna,T.I.,95,0
2006,Stupid Girls,P!nk,96,0
2006,Feel Good Inc,Gorillaz,97,0
2006,I'm Sprung,T-Pain,98,0
2006,Do I Make You Proud,Taylor Hicks,99,0
2006,For You I Will (Confidence),Teddy Geiger,100,0
2007,Irreplaceable,Beyonce,1,1
2007,Umbrella,RihannaFeaturingJay-Z,2,1
2007,The Sweet Escape,Gwen StefaniFeaturingAkon,3,1
2007,Big Girls Don't Cry,Fergie,4,1
2007,Buy U A Drank (Shawty Snappin'),T-PainFeaturingYung Joc,5,1
2007,Before He Cheats,Carrie Underwood,6,1
2007,Hey There Delilah,Plain White T's,7,1
2007,I Wanna Love You,AkonFeaturingSnoop Dogg,8,1
2007,Say It Right,Nelly Furtado,9,1
2007,Glamorous,FergieFeaturingLudacris,10,1
2007,Don't Matter,Akon,11,0
2007,Girlfriend,Avril Lavigne,12,0
2007,Makes Me Wonder,Maroon 5,13,0
2007,Party Like A Rockstar,Shop Boyz,14,0
2007,Smack That,AkonFeaturingEminem,15,0
2007,This Is Why I'm Hot,Mims,16,0
2007,It's Not Over,Daughtry,17,0
2007,The Way I Are,TimbalandFeaturing Keri Hilson,18,0
2007,Fergalicious,Fergie,19,0
2007,Crank That (Soulja Boy),Soulja BoyTell'em,20,0
2007,Give It To Me,TimbalandFeaturingNelly Furtado&Justin Timberlake,21,0
2007,What Goes Around...Comes Around,Justin Timberlake,22,0
2007,Cupid's Chokehold/Breakfast In America,Gym Class HeroesFeaturingPatrick Stump,23,0
2007,How To Save A Life,The Fray,24,0
2007,Home,Daughtry,25,0
2007,My Love,Justin TimberlakeFeaturing T.I.,26,0
2007,Stronger,Kanye West,27,0
2007,We Fly High,Jim Jones,28,0
2007,U + Ur Hand,P!nk,29,0
2007,Walk It Out,Unk,30,0
2007,Beautiful Girls,Sean Kingston,31,0
2007,"This Ain't A Scene, It's An Arms Race",Fall Out Boy,32,0
2007,Bartender,T-PainFeaturingAkon,33,0
2007,"Pop, Lock & Drop It",Huey,34,0
2007,Runaway Love,LudacrisFeaturingMary J. Blige,35,0
2007,Rockstar,Nickelback,36,0
2007,Thnks Fr Th Mmrs,Fall Out Boy,37,0
2007,What I've Done,Linkin Park,38,0
2007,Summer Love,Justin Timberlake,39,0
2007,You,Lloyd FeaturingLil Wayne,40,0
2007,Wait For You,Elliott Yamin,41,0
2007,Last Night,DiddyFeaturingKeyshia Cole,42,0
2007,Make It Rain,Fat JoeFeaturingLil Wayne,43,0
2007,Make Me Better,FabolousFeaturingNe-Yo,44,0
2007,Ice Box,Omarion,45,0
2007,Lips Of An Angel,Hinder,46,0
2007,Waiting On The World To Change,John Mayer,47,0
2007,Lost Without U,Robin Thicke,48,0
2007,I'm A Flirt,R. KellyOrBow Wow(Featuring T.I. &T-Pain),49,0
2007,If Everyone Cared,Nickelback,50,0
2007,Get It Shawty,Lloyd,51,0
2007,Face Down,The Red Jumpsuit Apparatus,52,0
2007,The Way I Live,Baby Boy da PrinceFeaturing Lil Boosie,53,0
2007,Shortie Like Mine,Bow WowFeaturingChris Brown& Johnta Austin,54,0
2007,It Ends Tonight,The All-American Rejects,55,0
2007,A Bay Bay,Hurricane Chris,56,0
2007,Because Of You,Ne-Yo,57,0
2007,I Tried,Bone Thugs-N-HarmonyFeaturingAkon,58,0
2007,Welcome To The Black Parade,My Chemical Romance,59,0
2007,Shawty,Plies FeaturingT-Pain,60,0
2007,Chasing Cars,Snow Patrol,61,0
2007,Beautiful Liar,Beyonce &Shakira,62,0
2007,SexyBack,Justin Timberlake,63,0
2007,Keep Holding On,Avril Lavigne,64,0
2007,Let It Go,Keyshia ColeFeaturingMissy Elliott& Lil Kim,65,0
2007,Apologize,TimbalandFeaturingOneRepublic,66,0
2007,Bubbly,Colbie Caillat,67,0
2007,Like A Boy,Ciara,68,0
2007,Who Knew,P!nk,69,0
2007,Never Again,Kelly Clarkson,70,0
2007,Promise,Ciara,71,0
2007,Bed,J. Holiday,72,0
2007,Throw Some D's,Rich Boy FeaturingPolow Da Don,73,0
2007,Rehab,Amy Winehouse,74,0
2007,Big Things Poppin' (Do It),T.I.,75,0
2007,No One,Alicia Keys,76,0
2007,The Great Escape,Boys Like Girls,77,0
2007,2 Step,Unk,78,0
2007,Walk Away (Remember Me),Paula DeAndaFeaturing The DEY,79,0
2007,Go Getta,YoungJeezyFeaturingR. Kelly,80,0
2007,Here (In Your Arms),Hellogoodbye,81,0
2007,On The Hotline,Pretty Ricky,82,0
2007,Wind It Up,Gwen Stefani,83,0
2007,Cyclone,Baby Bash FeaturingT-Pain,84,0
2007,Break It Off,Rihanna&Sean Paul,85,0
2007,First Time,Lifehouse,86,0
2007,Ayo Technology,50 CentFeaturingJustin Timberlake&Timbaland,87,0
2007,Outta My System,Bow WowFeaturingT-Pain& Johnta Austin,88,0
2007,Teardrops On My Guitar,Taylor Swift,89,0
2007,Shut Up And Drive,Rihanna,90,0
2007,Snow ((Hey Oh)),Red Hot Chili Peppers,91,0
2007,Money Maker,LudacrisFeaturing Pharrell,92,0
2007,Kiss Kiss,Chris BrownFeaturingT-Pain,93,0
2007,Far Away,Nickelback,94,0
2007,Rock Yo Hips,Crime Mob FeaturingLil Scrappy,95,0
2007,LoveStoned,Justin Timberlake,96,0
2007,Better Than Me,Hinder,97,0
2007,Paralyzer,Finger Eleven,98,0
2007,That's That,Snoop DoggFeaturingR. Kelly,99,0
2007,Same Girl,R. KellyDuet WithUsher,100,0
2008,Low,Flo RidaFeaturingT-Pain,1,1
2008,Bleeding Love,Leona Lewis,2,1
2008,No One,Alicia Keys,3,1
2008,Lollipop,Lil WayneFeaturingStatic Major,4,1
2008,Apologize,TimbalandFeaturingOneRepublic,5,1
2008,No Air,Jordin SparksDuet WithChris Brown,6,1
2008,Love Song,Sara Bareilles,7,1
2008,Love In This Club,UsherFeaturing YoungJeezy,8,1
2008,With You,Chris Brown,9,1
2008,Forever,Chris Brown,10,1
2008,Sexy Can I,Ray J&Yung Berg,11,0
2008,Take A Bow,Rihanna,12,0
2008,Viva La Vida,Coldplay,13,0
2008,I Kissed A Girl,Katy Perry,14,0
2008,Whatever You Like,T.I.,15,0
2008,Disturbia,Rihanna,16,0
2008,Don't Stop The Music,Rihanna,17,0
2008,Pocketful Of Sunshine,Natasha Bedingfield,18,0
2008,Kiss Kiss,Chris BrownFeaturingT-Pain,19,0
2008,Closer,Ne-Yo,20,0
2008,Bubbly,Colbie Caillat,21,0
2008,Touch My Body,Mariah Carey,22,0
2008,4 Minutes,MadonnaFeaturingJustin Timberlake& Timbaland,23,0
2008,So What,P!nk,24,0
2008,Paralyzer,Finger Eleven,25,0
2008,Clumsy,Fergie,26,0
2008,I'm Yours,Jason Mraz,27,0
2008,Leavin',Jesse McCartney,28,0
2008,Dangerous,Kardinal OffishallFeaturingAkon,29,0
2008,Tattoo,Jordin Sparks,30,0
2008,See You Again,Miley Cyrus,31,0
2008,Shake It,Metro Station,32,0
2008,Stop And Stare,OneRepublic,33,0
2008,Take You There,Sean Kingston,34,0
2008,Paper Planes,M.I.A.,35,0
2008,Hot N Cold,Katy Perry,36,0
2008,Live Your Life,T.I. FeaturingRihanna,37,0
2008,Bust It Baby Part 2,Plies FeaturingNe-Yo,38,0
2008,American Boy,EstelleFeaturingKanye West,39,0
2008,Got Money,Lil WayneFeaturingT-Pain,40,0
2008,Our Song,Taylor Swift,41,0
2008,Damaged,Danity Kane,42,0
2008,A Milli,Lil Wayne,43,0
2008,Sorry,Buckcherry,44,0
2008,Independent,Webbie Featuring Lil' Phat & Lil' Boosie,45,0
2008,Can't Believe It,T-PainFeaturingLil Wayne,46,0
2008,Like You'll Never See Me Again,Alicia Keys,47,0
2008,Teardrops On My Guitar,Taylor Swift,48,0
2008,When I Grow Up,The Pussycat Dolls,49,0
2008,Sensual Seduction,Snoop Dogg,50,0
2008,What You Got,Colby O'Donis FeaturingAkon,51,0
2008,It's Not My Time,3 Doors Down,52,0
2008,Better In Time,Leona Lewis,53,0
2008,Crank That (Soulja Boy),Soulja BoyTell'em,54,0
2008,Shadow Of The Day,Linkin Park,55,0
2008,Sweetest Girl (Dollar Bill),"Wyclef JeanFeaturingAkon,Lil Wayne& Niia",56,0
2008,Miss Independent,Ne-Yo,57,0
2008,Fall For You,Secondhand Serenade,58,0
2008,In The Ayer,Flo RidaFeaturingwill.i.am,59,0
2008,Say,John Mayer,60,0
2008,One Step At A Time,Jordin Sparks,61,0
2008,Hate That I Love You,RihannaFeaturingNe-Yo,62,0
2008,Superstar,Lupe FiascoFeaturing Matthew Santos,63,0
2008,Suffocate,J. Holiday,64,0
2008,Let It Rock,Kevin Rudolf FeaturingLil Wayne,65,0
2008,Get Like Me,David BannerFeaturingChris Brown,66,0
2008,Realize,Colbie Caillat,67,0
2008,Put On,YoungJeezyFeaturingKanye West,68,0
2008,The Time Of My Life,David Cook,69,0
2008,Lolli Lolli (Pop That Body),"Three 6 MafiaFeaturingProject Pat, Young D & Superpower",70,0
2008,Cyclone,Baby Bash FeaturingT-Pain,71,0
2008,Love Like This,Natasha BedingfieldFeaturingSean Kingston,72,0
2008,Burnin' Up,Jonas Brothers,73,0
2008,Love Lockdown,Kanye West,74,0
2008,I Luv Your Girl,The-Dream,75,0
2008,Crush,David Archuleta,76,0
2008,Hypnotized,Plies FeaturingAkon,77,0
2008,Big Girls Don't Cry,Fergie,78,0
2008,Good Life,Kanye WestFeaturingT-Pain,79,0
2008,Womanizer,Britney Spears,80,0
2008,Love Story,Taylor Swift,81,0
2008,Just Fine,Mary J. Blige,82,0
2008,Piece Of Me,Britney Spears,83,0
2008,The Boss,Rick RossFeaturingT-Pain,84,0
2008,All Summer Long,Kid Rock,85,0
2008,Can't Help But Wait,Trey Songz,86,0
2008,In Love With A Girl,Gavin DeGraw,87,0
2008,My Life,The GameFeaturingLil Wayne,88,0
2008,I Remember,Keyshia Cole,89,0
2008,Flashing Lights,Kanye WestFeaturingDwele,90,0
2008,Mrs. Officer,Lil WayneFeaturing Bobby Valentino & Kidd Kidd,91,0
2008,7 Things,Miley Cyrus,92,0
2008,You're Gonna Miss This,Trace Adkins,93,0
2008,Love Remains The Same,Gavin Rossdale,94,0
2008,Feels Like Tonight,Daughtry,95,0
2008,The Way I Are,TimbalandFeaturing Keri Hilson,96,0
2008,Addicted,Saving Abel,97,0
2008,Into The Night,SantanaFeaturingChad Kroeger,98,0
2008,Heaven Sent,Keyshia Cole,99,0
2008,She Got It,2 Pistols FeaturingT-Pain& Tay Dizm,100,0
2009,Boom Boom Pow,The Black Eyed Peas,1,1
2009,Poker Face,Lady Gaga,2,1
2009,Just Dance,Lady GagaFeaturing Colby O'Donis,3,1
2009,I Gotta Feeling,The Black Eyed Peas,4,1
2009,Love Story,Taylor Swift,5,1
2009,Right Round,Flo Rida,6,1
2009,I'm Yours,Jason Mraz,7,1
2009,Single Ladies (Put A Ring On It),Beyonce,8,1
2009,Heartless,Kanye West,9,1
2009,Gives You Hell,The All-American Rejects,10,1
2009,You Belong With Me,Taylor Swift,11,0
2009,Dead And Gone,T.I. FeaturingJustin Timberlake,12,0
2009,You Found Me,The Fray,13,0
2009,Use Somebody,Kings of Leon,14,0
2009,Knock You Down,Keri Hilson FeaturingKanye West&Ne-Yo,15,0
2009,Blame It,Jamie Foxx FeaturingT-Pain,16,0
2009,I Know You Want Me (Calle Ocho),Pitbull,17,0
2009,Live Your Life,T.I. FeaturingRihanna,18,0
2009,Kiss Me Thru The Phone,Soulja BoyTell 'em Featuring Sammie,19,0
2009,Down,Jay SeanFeaturingLil Wayne,20,0
2009,The Climb,Miley Cyrus,21,0
2009,Best I Ever Had,Drake,22,0
2009,My Life Would Suck Without You,Kelly Clarkson,23,0
2009,Halo,Beyonce,24,0
2009,Hot N Cold,Katy Perry,25,0
2009,Second Chance,Shinedown,26,0
2009,Circus,Britney Spears,27,0
2009,Day 'N' Nite,Kid Cudi,28,0
2009,Party In The U.S.A.,Miley Cyrus,29,0
2009,Don't Trust Me,3OH!3,30,0
2009,Run This Town,"Jay-Z,Rihanna&Kanye West",31,0
2009,Let It Rock,Kevin Rudolf FeaturingLil Wayne,32,0
2009,Fire Burning,Sean Kingston,33,0
2009,Whatcha Say,Jason Derulo,34,0
2009,LoveGame,Lady Gaga,35,0
2009,Waking Up In Vegas,Katy Perry,36,0
2009,Birthday Sex,Jeremih,37,0
2009,Sober,P!nk,38,0
2009,Womanizer,Britney Spears,39,0
2009,Whatever You Like,T.I.,40,0
2009,Obsessed,Mariah Carey,41,0
2009,Mad,Ne-Yo,42,0
2009,Good Girls Go Bad,Cobra StarshipFeaturing Leighton Meester,43,0
2009,Love Lockdown,Kanye West,44,0
2009,So What,P!nk,45,0
2009,Hotel Room Service,Pitbull,46,0
2009,Crack A Bottle,"Eminem,Dr. Dre&50 Cent",47,0
2009,If I Were A Boy,Beyonce,48,0
2009,Turnin Me On,Keri Hilson FeaturingLil Wayne,49,0
2009,I Hate This Part,The Pussycat Dolls,50,0
2009,Gotta Be Somebody,Nickelback,51,0
2009,Please Don't Leave Me,P!nk,52,0
2009,Paparazzi,Lady Gaga,53,0
2009,Beautiful,AkonFeaturing Colby O'Donis &Kardinal Offishall,54,0
2009,Viva La Vida,Coldplay,55,0
2009,Right Now (Na Na Na),Akon,56,0
2009,Battlefield,Jordin Sparks,57,0
2009,Sugar,Flo RidaFeaturing Wynter,58,0
2009,Miss Independent,Ne-Yo,59,0
2009,Fireflies,Owl City,60,0
2009,New Divide,Linkin Park,61,0
2009,Empire State Of Mind,Jay-Z+Alicia Keys,62,0
2009,No Surprise,Daughtry,63,0
2009,She Wolf,Shakira,64,0
2009,Break Up,MarioFeaturingGucci Mane& Sean Garrett,65,0
2009,Sweet Dreams,Beyonce,66,0
2009,Every Girl,Young Money,67,0
2009,Fallin' For You,Colbie Caillat,68,0
2009,Untouched,The Veronicas,69,0
2009,If Today Was Your Last Day,Nickelback,70,0
2009,Throw It In The Bag,FabolousFeaturingThe-Dream,71,0
2009,Love Drunk,Boys Like Girls,72,0
2009,I Love College,Asher Roth,73,0
2009,If U Seek Amy,Britney Spears,74,0
2009,Big Green Tractor,Jason Aldean,75,0
2009,White Horse,Taylor Swift,76,0
2009,Disturbia,Rihanna,77,0
2009,21 Guns,Green Day,78,0
2009,Turn My Swag On,Soulja BoyTell'em,79,0
2009,Rockin' That Thang,The-Dream,80,0
2009,Chicken Fried,Zac Brown Band,81,0
2009,Diva,Beyonce,82,0
2009,Replay,Iyaz,83,0
2009,Then,Brad Paisley,84,0
2009,Her Diamonds,Rob Thomas,85,0
2009,How Do You Sleep?,Jesse McCartneyFeaturingLudacris,86,0
2009,3,Britney Spears,87,0
2009,Forever,"DrakeFeaturingKanye West,Lil Wayne&Eminem",88,0
2009,One Time,Justin Bieber,89,0
2009,I Run To You,Lady Antebellum,90,0
2009,I Do Not Hook Up,Kelly Clarkson,91,0
2009,Green Light,John LegendFeaturing Andre 3000,92,0
2009,People Are Crazy,Billy Currington,93,0
2009,Whatever It Is,Zac Brown Band,94,0
2009,Already Gone,Kelly Clarkson,95,0
2009,Goodbye,Kristinia DeBarge,96,0
2009,Say Hey (I Love You),Michael Franti & Spearhead Featuring Cherine Anderson,97,0
2009,Pop Champagne,Jim Jones& Ron Browz Featuring Juelz Santana,98,0
2009,Pretty Wings,Maxwell,99,0
2009,Never Say Never,The Fray,100,0
2010,TiK ToK,Ke$ha,1,1
2010,Need You Now,Lady Antebellum,2,1
2010,"Hey, Soul Sister",Train,3,1
2010,California Gurls,Katy PerryFeaturingSnoop Dogg,4,1
2010,OMG,UsherFeaturingwill.i.am,5,1
2010,Airplanes,B.o.BFeaturingHayley Williams,6,1
2010,Love The Way You Lie,EminemFeaturingRihanna,7,1
2010,Bad Romance,Lady Gaga,8,1
2010,Dynamite,Taio Cruz,9,1
2010,Break Your Heart,Taio CruzFeaturingLudacris,10,1
2010,Nothin' On You,B.o.BFeaturingBruno Mars,11,0
2010,I Like It,Enrique IglesiasFeaturingPitbull,12,0
2010,BedRock,Young MoneyFeaturing Lloyd,13,0
2010,In My Head,Jason Derulo,14,0
2010,Rude Boy,Rihanna,15,0
2010,Telephone,Lady GagaFeaturing Beyonce,16,0
2010,Teenage Dream,Katy Perry,17,0
2010,Just The Way You Are,Bruno Mars,18,0
2010,Cooler Than Me,Mike Posner,19,0
2010,Imma Be,The Black Eyed Peas,20,0
2010,Empire State Of Mind,Jay-Z+Alicia Keys,21,0
2010,DJ Got Us Fallin' In Love,UsherFeaturingPitbull,22,0
2010,Billionaire,Travie McCoyFeaturingBruno Mars,23,0
2010,Not Afraid,Eminem,24,0
2010,Replay,Iyaz,25,0
2010,Sexy Chick,David GuettaFeaturingAkon,26,0
2010,Breakeven,The Script,27,0
2010,Your Love Is My Drug,Ke$ha,28,0
2010,I Gotta Feeling,The Black Eyed Peas,29,0
2010,Fireflies,Owl City,30,0
2010,Say Aah,Trey SongzFeaturingFabolous,31,0
2010,Find Your Love,Drake,32,0
2010,Alejandro,Lady Gaga,33,0
2010,Ridin' Solo,Jason Derulo,34,0
2010,Just A Dream,Nelly,35,0
2010,How Low,Ludacris,36,0
2010,Like A G6,Far*East Movement Featuring Cataracs &Dev,37,0
2010,Carry Out,TimbalandFeaturingJustin Timberlake,38,0
2010,Haven't Met You Yet,Michael Buble,39,0
2010,Club Can't Handle Me,Flo RidaFeaturingDavid Guetta,40,0
2010,Down,Jay SeanFeaturingLil Wayne,41,0
2010,Bulletproof,La Roux,42,0
2010,Whatcha Say,Jason Derulo,43,0
2010,Baby,Justin BieberFeaturingLudacris,44,0
2010,Whataya Want From Me,Adam Lambert,45,0
2010,Mine,Taylor Swift,46,0
2010,Only Girl (In The World),Rihanna,47,0
2010,Live Like We're Dying,Kris Allen,48,0
2010,Hard,RihannaFeaturingJeezy,49,0
2010,Young Forever,Jay-Z+ Mr. Hudson,50,0
2010,Blah Blah Blah,Ke$ha Featuring3OH!3,51,0
2010,Bottoms Up,Trey SongzFeaturingNicki Minaj,52,0
2010,Do You Remember,Jay SeanFeaturingSean Paul&Lil Jon,53,0
2010,All The Right Moves,OneRepublic,54,0
2010,According To You,Orianthi,55,0
2010,My Chick Bad,LudacrisFeaturingNicki Minaj,56,0
2010,You Belong With Me,Taylor Swift,57,0
2010,Meet Me Halfway,The Black Eyed Peas,58,0
2010,Take It Off,Ke$ha,59,0
2010,Over,Drake,60,0
2010,Animal,Neon Trees,61,0
2010,Misery,Maroon 5,62,0
2010,Magic,B.o.BFeaturingRivers Cuomo,63,0
2010,Paparazzi,Lady Gaga,64,0
2010,Tie Me Down,New BoyzFeaturingRay J,65,0
2010,Your Love,Nicki Minaj,66,0
2010,Party In The U.S.A.,Miley Cyrus,67,0
2010,Deuces,Chris BrownFeaturingTyga& Kevin McCall,68,0
2010,3,Britney Spears,69,0
2010,Impossible,Shontelle,70,0
2010,Forever,"DrakeFeaturingKanye West,Lil Wayne&Eminem",71,0
2010,Two Is Better Than One,Boys Like Girls FeaturingTaylor Swift,72,0
2010,My First Kiss,3OH!3Featuring Ke$ha,73,0
2010,Already Gone,Kelly Clarkson,74,0
2010,Rock That Body,The Black Eyed Peas,75,0
2010,Secrets,OneRepublic,76,0
2010,Naturally,Selena Gomez& The Scene,77,0
2010,Un-Thinkable (I'm Ready),Alicia Keys,78,0
2010,All I Do Is Win,"DJ KhaledFeaturingT-Pain,Ludacris,Snoop Dogg&Rick Ross",79,0
2010,I Made It (Cash Money Heroes),"Kevin Rudolf FeaturingBirdman,Jay Sean, &Lil Wayne",80,0
2010,Stuck Like Glue,Sugarland,81,0
2010,Hey Daddy (Daddy's Home),UsherFeaturing Plies,82,0
2010,There Goes My Baby,Usher,83,0
2010,Today Was A Fairytale,Taylor Swift,84,0
2010,Say Something,TimbalandFeaturingDrake,85,0
2010,Sweet Dreams,Beyonce,86,0
2010,Use Somebody,Kings of Leon,87,0
2010,Undo It,Carrie Underwood,88,0
2010,Eenie Meenie,Sean Kingston&Justin Bieber,89,0
2010,Right Above It,Lil WayneFeaturingDrake,90,0
2010,The House That Built Me,Miranda Lambert,91,0
2010,If I Die Young,The Band Perry,92,0
2010,The Only Exception,Paramore,93,0
2010,American Honey,Lady Antebellum,94,0
2010,King Of Anything,Sara Bareilles,95,0
2010,Life After You,Daughtry,96,0
2010,Smile,Uncle Kracker,97,0
2010,Teach Me How To Dougie,Cali Swag District,98,0
2010,Try Sleeping With A Broken Heart,Alicia Keys,99,0
2010,"Lover, Lover",Jerrod Niemann,100,0
2011,Rolling In The Deep,Adele,1,1
2011,Party Rock Anthem,LMFAOFeaturingLauren Bennett& GoonRock,2,1
2011,Firework,Katy Perry,3,1
2011,E.T.,Katy PerryFeaturingKanye West,4,1
2011,Give Me Everything,"PitbullFeaturingNe-Yo,Afrojack& Nayer",5,1
2011,Grenade,Bruno Mars,6,1
2011,Super Bass,Nicki Minaj,7,1
2011,Moves Like Jagger,Maroon 5FeaturingChristina Aguilera,8,1
2011,Just Can't Get Enough,The Black Eyed Peas,9,1
2011,On The Floor,Jennifer LopezFeaturingPitbull,10,1
2011,S&M,Rihanna,11,0
2011,Pumped Up Kicks,Foster the People,12,0
2011,Last Friday Night (T.G.I.F.),Katy Perry,13,0
2011,Just The Way You Are,Bruno Mars,14,0
2011,Tonight (I'm Lovin' You),Enrique IglesiasFeaturingLudacris& DJ Frank E,15,0
2011,Raise Your Glass,P!nk,16,0
2011,Born This Way,Lady Gaga,17,0
2011,F**kin' Perfect,P!nk,18,0
2011,What's My Name?,RihannaFeaturingDrake,19,0
2011,Look At Me Now,Chris BrownFeaturingLil Wayne&Busta Rhymes,20,0
2011,Down On Me,JeremihFeaturing50 Cent,21,0
2011,How To Love,Lil Wayne,22,0
2011,Someone Like You,Adele,23,0
2011,The Good Life,OneRepublic,24,0
2011,The Lazy Song,Bruno Mars,25,0
2011,Till The World Ends,Britney Spears,26,0
2011,The Show Goes On,Lupe Fiasco,27,0
2011,The Edge Of Glory,Lady Gaga,28,0
2011,We R Who We R,Ke$ha,29,0
2011,Black And Yellow,Wiz Khalifa,30,0
2011,Tonight Tonight,Hot Chelle Rae,31,0
2011,Blow,Ke$ha,32,0
2011,Lighters,Bad Meets EvilFeaturingBruno Mars,33,0
2011,If I Die Young,The Band Perry,34,0
2011,Stereo Hearts,Gym Class HeroesFeaturingAdam Levine,35,0
2011,The Time (Dirty Bit),The Black Eyed Peas,36,0
2011,Coming Home,Diddy - Dirty Money FeaturingSkylar Grey,37,0
2011,Hey Baby (Drop It To The Floor),PitbullFeaturingT-Pain,38,0
2011,Only Girl (In The World),Rihanna,39,0
2011,6 Foot 7 Foot,Lil WayneFeaturing Cory Gunz,40,0
2011,Just A Kiss,Lady Antebellum,41,0
2011,Dirt Road Anthem,Jason Aldean,42,0
2011,Dynamite,Taio Cruz,43,0
2011,No Hands,Waka Flocka FlameFeaturingRoscoe Dash&Wale,44,0
2011,I Wanna Go,Britney Spears,45,0
2011,I'm On One,"DJ KhaledFeaturingDrake,Rick Ross&Lil Wayne",46,0
2011,You Make Me Feel...,Cobra StarshipFeaturing Sabi,47,0
2011,Yeah 3X,Chris Brown,48,0
2011,Moment 4 Life,Nicki MinajFeaturingDrake,49,0
2011,I Need A Doctor,Dr. DreFeaturingEminem&Skylar Grey,50,0
2011,Just A Dream,Nelly,51,0
2011,Motivation,Kelly RowlandFeaturingLil Wayne,52,0
2011,Stereo Love,Edward Maya& Vika Jigulina,53,0
2011,Jar Of Hearts,Christina Perri,54,0
2011,Roll Up,Wiz Khalifa,55,0
2011,Sexy And I Know It,LMFAO,56,0
2011,Rocketeer,Far*East Movement FeaturingRyan Tedder,57,0
2011,All Of The Lights,Kanye West,58,0
2011,Hold It Against Me,Britney Spears,59,0
2011,More,Usher,60,0
2011,What The Hell,Avril Lavigne,61,0
2011,Written In The Stars,Tinie TempahFeaturingEric Turner,62,0
2011,Bottoms Up,Trey SongzFeaturingNicki Minaj,63,0
2011,DJ Got Us Fallin' In Love,UsherFeaturingPitbull,64,0
2011,For The First Time,The Script,65,0
2011,Honey Bee,Blake Shelton,66,0
2011,Don't You Wanna Stay,Jason AldeanWithKelly Clarkson,67,0
2011,We Found Love,RihannaFeaturingCalvin Harris,68,0
2011,Pretty Girl Rock,Keri Hilson,69,0
2011,You And I,Lady Gaga,70,0
2011,Like A G6,Far*East Movement Featuring Cataracs &Dev,71,0
2011,Without You,David GuettaFeaturingUsher,72,0
2011,Back To December,Taylor Swift,73,0
2011,Teenage Dream,Katy Perry,74,0
2011,Crazy Girl,Eli Young Band,75,0
2011,Cheers (Drink To That),Rihanna,76,0
2011,Who Says,Selena Gomez& The Scene,77,0
2011,Barefoot Blue Jean Night,Jake Owen,78,0
2011,Knee Deep,Zac Brown BandFeaturingJimmy Buffett,79,0
2011,Country Girl (Shake It For Me),Luke Bryan,80,0
2011,Remind Me,Brad PaisleyDuet WithCarrie Underwood,81,0
2011,In The Dark,Dev,82,0
2011,Backseat,New BoyzFeaturing The Cataracs &Dev,83,0
2011,Headlines,Drake,84,0
2011,Best Thing I Never Had,Beyonce,85,0
2011,Don't Wanna Go Home,Jason Derulo,86,0
2011,Where Them Girls At,David GuettaFeaturingFlo Rida&Nicki Minaj,87,0
2011,She Ain't You,Chris Brown,88,0
2011,Take A Back Road,Rodney Atkins,89,0
2011,Please Don't Go,Mike Posner,90,0
2011,Sure Thing,Miguel,91,0
2011,Price Tag,Jessie JFeaturingB.o.B,92,0
2011,God Gave Me You,Blake Shelton,93,0
2011,She Will,Lil WayneFeaturingDrake,94,0
2011,Are You Gonna Kiss Me Or Not,Thompson Square,95,0
2011,Animal,Neon Trees,96,0
2011,You And Tequila,Kenny ChesneyFeaturingGrace Potter,97,0
2011,Colder Weather,Zac Brown Band,98,0
2011,My Last,Big SeanFeaturingChris Brown,99,0
2012,Somebody That I Used To Know,GotyeFeaturing Kimbra,1,1
2012,Call Me Maybe,Carly Rae Jepsen,2,1
2012,We Are Young,fun. Featuring Janelle Monae,3,1
2012,Payphone,Maroon 5FeaturingWiz Khalifa,4,1
2012,Lights,Ellie Goulding,5,1
2012,Glad You Came,The Wanted,6,1
2012,Stronger (What Doesn't Kill You),Kelly Clarkson,7,1
2012,We Found Love,RihannaFeaturingCalvin Harris,8,1
2012,Starships,Nicki Minaj,9,1
2012,What Makes You Beautiful,One Direction,10,1
2012,Wild Ones,Flo RidaFeaturingSia,11,0
2012,Set Fire To The Rain,Adele,12,0
2012,Sexy And I Know It,LMFAO,13,0
2012,Some Nights,fun.,14,0
2012,Wide Awake,Katy Perry,15,0
2012,Good Feeling,Flo Rida,16,0
2012,Whistle,Flo Rida,17,0
2012,One More Night,Maroon 5,18,0
2012,Drive By,Train,19,0
2012,The Motto,DrakeFeaturingLil Wayne,20,0
2012,Where Have You Been,Rihanna,21,0
2012,Everybody Talks,Neon Trees,22,0
2012,Take Care,DrakeFeaturingRihanna,23,0
2012,Titanium,David GuettaFeaturingSia,24,0
2012,I Won't Give Up,Jason Mraz,25,0
2012,It Will Rain,Bruno Mars,26,0
2012,Mercy,"Kanye West,Big Sean,Pusha T,2 Chainz",27,0
2012,Boyfriend,Justin Bieber,28,0
2012,Party Rock Anthem,LMFAOFeaturingLauren Bennett& GoonRock,29,0
2012,Too Close,Alex Clare,30,0
2012,Part Of Me,Katy Perry,31,0
2012,"Young, Wild & Free",Snoop Dogg&Wiz KhalifaFeaturingBruno Mars,32,0
2012,We Are Never Ever Getting Back Together,Taylor Swift,33,0
2012,As Long As You Love Me,Justin BieberFeaturingBig Sean,34,0
2012,Turn Me On,David GuettaFeaturingNicki Minaj,35,0
2012,Moves Like Jagger,Maroon 5FeaturingChristina Aguilera,36,0
2012,Blow Me (One Last Kiss),P!nk,37,0
2012,Good Time,Owl City &Carly Rae Jepsen,38,0
2012,Give Your Heart A Break,Demi Lovato,39,0
2012,Ni**as in Paris,Jay ZKanye West,40,0
2012,The One That Got Away,Katy Perry,41,0
2012,Feel So Close,Calvin Harris,42,0
2012,Someone Like You,Adele,43,0
2012,Scream,Usher,44,0
2012,Rack City,Tyga,45,0
2012,Domino,Jessie J,46,0
2012,Gangnam Style,PSY,47,0
2012,International Love,PitbullFeaturingChris Brown,48,0
2012,Home,Phillip Phillips,49,0
2012,Without You,David GuettaFeaturingUsher,50,0
2012,Ass Back Home,Gym Class HeroesFeaturing Neon Hitch,51,0
2012,Wanted,Hunter Hayes,52,0
2012,Drunk On You,Luke Bryan,53,0
2012,No Lie,2 ChainzFeaturingDrake,54,0
2012,Want U Back,Cher Lloyd,55,0
2012,Don't Wake Me Up,Chris Brown,56,0
2012,Dance (A$$),Big SeanFeaturingNicki Minaj,57,0
2012,Springsteen,Eric Church,58,0
2012,Brokenhearted,Karmin,59,0
2012,Not Over You,Gavin DeGraw,60,0
2012,Stereo Hearts,Gym Class HeroesFeaturingAdam Levine,61,0
2012,Back In Time,Pitbull,62,0
2012,Work Out,J. Cole,63,0
2012,Rumour Has It,Adele,64,0
2012,Let's Go,Calvin HarrisFeaturingNe-Yo,65,0
2012,Good Girl,Carrie Underwood,66,0
2012,Pontoon,Little Big Town,67,0
2012,Ho Hey,The Lumineers,68,0
2012,Paradise,Coldplay,69,0
2012,Blown Away,Carrie Underwood,70,0
2012,Rolling In The Deep,Adele,71,0
2012,Climax,Usher,72,0
2012,"Work Hard, Play Hard",Wiz Khalifa,73,0
2012,Let Me Love You (Until You Learn To Love Yourself),Ne-Yo,74,0
2012,Pound The Alarm,Nicki Minaj,75,0
2012,Come Over,Kenny Chesney,76,0
2012,Heart Attack,Trey Songz,77,0
2012,Drank In My Cup,Kirko Bangz,78,0
2012,Birthday Cake,RihannaFeaturingChris Brown,79,0
2012,So Good,B.o.B,80,0
2012,50 Ways To Say Goodbye,Train,81,0
2012,Red Solo Cup,Toby Keith,82,0
2012,Love You Like A Love Song,Selena Gomez& The Scene,83,0
2012,Turn Up The Music,Chris Brown,84,0
2012,Die Young,Ke$ha,85,0
2012,5 O'Clock,T-PainFeaturingWiz Khalifa&Lily Allen,86,0
2012,A Thousand Years,Christina Perri,87,0
2012,Take A Little Ride,Jason Aldean,88,0
2012,You Da One,Rihanna,89,0
2012,We Run The Night,Havana BrownFeaturingPitbull,90,0
2012,It's Time,Imagine Dragons,91,0
2012,Cashin' Out,Ca$h Out,92,0
2012,I Don't Want This Night To End,Luke Bryan,93,0
2012,Diamonds,Rihanna,94,0
2012,Hard To Love,Lee Brice,95,0
2012,Somethin' 'Bout A Truck,Kip Moore,96,0
2012,Adorn,Miguel,97,0
2012,Fly Over States,Jason Aldean,98,0
2012,Even If It Breaks Your Heart,Eli Young Band,99,0
2012,Burn It Down,Linkin Park,100,0
2013,Thrift Shop,Macklemore & Ryan Lewis Featuring Wanz,1,1
2013,Blurred Lines,Robin ThickeFeaturing T.I. + Pharrell,2,1
2013,Radioactive,Imagine Dragons,3,1
2013,Harlem Shake,Baauer,4,1
2013,Can't Hold Us,Macklemore & Ryan Lewis FeaturingRay Dalton,5,1
2013,Mirrors,Justin Timberlake,6,1
2013,Just Give Me A Reason,P!nk Featuring Nate Ruess,7,1
2013,When I Was Your Man,Bruno Mars,8,1
2013,Cruise,Florida Georgia LineFeaturingNelly,9,1
2013,Roar,Katy Perry,10,1
2013,Locked Out Of Heaven,Bruno Mars,11,0
2013,Ho Hey,The Lumineers,12,0
2013,Stay,RihannaFeaturing Mikky Ekko,13,0
2013,Get Lucky,Daft PunkFeaturingPharrell Williams,14,0
2013,Royals,Lorde,15,0
2013,I Knew You Were Trouble.,Taylor Swift,16,0
2013,We Can't Stop,Miley Cyrus,17,0
2013,Wrecking Ball,Miley Cyrus,18,0
2013,Wake Me Up!,Avicii,19,0
2013,Suit & Tie,Justin TimberlakeFeaturing JAY Z,20,0
2013,Cups (Pitch Perfect's When I'm Gone),Anna Kendrick,21,0
2013,Holy Grail,Jay Z FeaturingJustin Timberlake,22,0
2013,Scream & Shout,will.i.am&Britney Spears,23,0
2013,Clarity,ZeddFeaturingFoxes,24,0
2013,Sail,AWOLNATION,25,0
2013,Don't You Worry Child,Swedish House MafiaFeaturingJohn Martin,26,0
2013,Diamonds,Rihanna,27,0
2013,I Love It,Icona PopFeaturingCharli xcx,28,0
2013,Safe And Sound,Capital Cities,29,0
2013,Treasure,Bruno Mars,30,0
2013,The Way,Ariana GrandeFeaturingMac Miller,31,0
2013,Started From The Bottom,Drake,32,0
2013,Come & Get It,Selena Gomez,33,0
2013,"Hold On, We're Going Home",DrakeFeaturingMajid Jordan,34,0
2013,Daylight,Maroon 5,35,0
2013,Feel This Moment,PitbullFeaturingChristina Aguilera,36,0
2013,Applause,Lady Gaga,37,0
2013,One More Night,Maroon 5,38,0
2013,Love Me,Lil WayneFeaturingDrake&Future,39,0
2013,My Songs Know What You Did In The Dark (Light Em Up),Fall Out Boy,40,0
2013,F**kin Problems,"A$AP RockyFeaturingDrake,2 Chainz&Kendrick Lamar",41,0
2013,Beauty And A Beat,Justin BieberFeaturingNicki Minaj,42,0
2013,Same Love,Macklemore & Ryan Lewis FeaturingMary Lambert,43,0
2013,Sweet Nothing,Calvin HarrisFeaturing Florence Welch,44,0
2013,Summertime Sadness,Lana Del Reyvs.Cedric Gervais,45,0
2013,Home,Phillip Phillips,46,0
2013,It's Time,Imagine Dragons,47,0
2013,Power Trip,J. ColeFeaturingMiguel,48,0
2013,Girl On Fire,Alicia KeysFeaturingNicki Minaj,49,0
2013,Heart Attack,Demi Lovato,50,0
2013,Love Somebody,Maroon 5,51,0
2013,I Will Wait,Mumford & Sons,52,0
2013,Try,P!nk,53,0
2013,Wagon Wheel,Darius Rucker,54,0
2013,Gangnam Style,PSY,55,0
2013,I Need Your Love,Calvin HarrisFeaturingEllie Goulding,56,0
2013,Die Young,Ke$ha,57,0
2013,Some Nights,fun.,58,0
2013,Bad,WaleFeaturingTiara ThomasOrRihanna,59,0
2013,Boys 'Round Here,Blake SheltonFeaturingPistol Annies&Friends,60,0
2013,"Gone, Gone, Gone",Phillip Phillips,61,0
2013,Demons,Imagine Dragons,62,0
2013,Counting Stars,OneRepublic,63,0
2013,I Cry,Flo Rida,64,0
2013,Little Talks,Of Monsters and Men,65,0
2013,The Other Side,Jason Derulo,66,0
2013,Berzerk,Eminem,67,0
2013,Catch My Breath,Kelly Clarkson,68,0
2013,Crash My Party,Luke Bryan,69,0
2013,Pour It Up,Rihanna,70,0
2013,22,Taylor Swift,71,0
2013,I Want Crazy,Hunter Hayes,72,0
2013,The Fox,Ylvis,73,0
2013,Best Song Ever,One Direction,74,0
2013,The A Team,Ed Sheeran,75,0
2013,Carry On,fun.,76,0
2013,Highway Don't Care,Tim McGrawWithTaylor Swift,77,0
2013,That's My Kind Of Night,Luke Bryan,78,0
2013,Swimming Pools (Drank),Kendrick Lamar,79,0
2013,Sure Be Cool If You Did,Blake Shelton,80,0
2013,#Beautiful,Mariah CareyFeaturingMiguel,81,0
2013,Troublemaker,Olly MursFeaturingFlo Rida,82,0
2013,Body Party,Ciara,83,0
2013,Adorn,Miguel,84,0
2013,Hall Of Fame,The ScriptFeaturingwill.i.am,85,0
2013,Let Me Love You (Until You Learn To Love Yourself),Ne-Yo,86,0
2013,U.O.E.N.O.,Rocko FeaturingFuture&Rick Ross,87,0
2013,Next To Me,Emeli Sande,88,0
2013,Mama's Broken Heart,Miranda Lambert,89,0
2013,It Goes Like This,Thomas Rhett,90,0
2013,Bugatti,Ace HoodFeaturingFuture&Rick Ross,91,0
2013,Wanted,Hunter Hayes,92,0
2013,Downtown,Lady Antebellum,93,0
2013,Get Your Shine On,Florida Georgia Line,94,0
2013,#thatPOWER,will.i.amFeaturingJustin Bieber,95,0
2013,Brave,Sara Bareilles,96,0
2013,Let Her Go,Passenger,97,0
2013,Runnin' Outta Moonlight,Randy Houser,98,0
2013,I'm Different,2 Chainz,99,0
2013,Still Into You,Paramore,100,0
2014,Happy,Pharrell Williams,1,1
2014,Dark Horse,Katy PerryFeaturingJuicy J,2,1
2014,All Of Me,John Legend,3,1
2014,Fancy,Iggy AzaleaFeaturingCharli xcx,4,1
2014,Counting Stars,OneRepublic,5,1
2014,Talk Dirty,Jason DeruloFeaturing2 Chainz,6,1
2014,Rude,MAGIC!,7,1
2014,All About That Bass,Meghan Trainor,8,1
2014,Problem,Ariana GrandeFeaturingIggy Azalea,9,1
2014,Stay With Me,Sam Smith,10,1
2014,Timber,PitbullFeaturing Ke$ha,11,0
2014,Pompeii,Bastille,12,0
2014,Shake It Off,Taylor Swift,13,0
2014,Am I Wrong,Nico & Vinz,14,0
2014,Turn Down For What,DJ Snake&Lil Jon,15,0
2014,The Monster,EminemFeaturingRihanna,16,0
2014,Say Something,A Great Big World&Christina Aguilera,17,0
2014,Team,Lorde,18,0
2014,Let Her Go,Passenger,19,0
2014,Royals,Lorde,20,0
2014,Let It Go,Idina Menzel,21,0
2014,Wake Me Up!,Avicii,22,0
2014,Demons,Imagine Dragons,23,0
2014,Story Of My Life,One Direction,24,0
2014,Chandelier,Sia,25,0
2014,Black Widow,Iggy AzaleaFeaturingRita Ora,26,0
2014,Bang Bang,"Jessie J,Ariana Grande&Nicki Minaj",27,0
2014,Latch,DisclosureFeaturingSam Smith,28,0
2014,Maps,Maroon 5,29,0
2014,Loyal,Chris BrownFeaturingLil Wayne&French MontanaOrToo $hortOrTyga,30,0
2014,Best Day Of My Life,American Authors,31,0
2014,Habits (Stay High),Tove Lo,32,0
2014,Summer,Calvin Harris,33,0
2014,Boom Clap,Charli xcx,34,0
2014,Drunk In Love,Beyonce Featuring Jay Z,35,0
2014,Anaconda,Nicki Minaj,36,0
2014,Break Free,Ariana GrandeFeaturingZedd,37,0
2014,Bailando,Enrique IglesiasFeaturingDescemer Bueno&Gente De Zona,38,0
2014,Burn,Ellie Goulding,39,0
2014,Wiggle,Jason DeruloFeaturingSnoop Dogg,40,0
2014,Rather Be,Clean BanditFeaturingJess Glynne,41,0
2014,Don't Tell 'Em,JeremihFeaturingYG,42,0
2014,Show Me,Kid InkFeaturingChris Brown,43,0
2014,Wrecking Ball,Miley Cyrus,44,0
2014,Not A Bad Thing,Justin Timberlake,45,0
2014,Roar,Katy Perry,46,0
2014,Ain't It Fun,Paramore,47,0
2014,The Man,Aloe Blacc,48,0
2014,This Is How We Roll,Florida Georgia LineFeaturingLuke Bryan,49,0
2014,Classic,MKTO,50,0
2014,A Sky Full Of Stars,Coldplay,51,0
2014,Don't,Ed Sheeran,52,0
2014,Na Na,Trey Songz,53,0
2014,Hot Boy,Bobby Shmurda,54,0
2014,"Hold On, We're Going Home",DrakeFeaturingMajid Jordan,55,0
2014,Sing,Ed Sheeran,56,0
2014,Radioactive,Imagine Dragons,57,0
2014,My Hitta,YGFeaturingJeezy& Rich Homie Quan,58,0
2014,Cool Kids,Echosmith,59,0
2014,Hey Brother,Avicii,60,0
2014,Trumpets,Jason Derulo,61,0
2014,Animals,Maroon 5,62,0
2014,Burnin' It Down,Jason Aldean,63,0
2014,Play It Again,Luke Bryan,64,0
2014,2 On,TinasheFeaturingScHoolboy Q,65,0
2014,Dirt,Florida Georgia Line,66,0
2014,Love Runs Out,OneRepublic,67,0
2014,Bottoms Up,Brantley Gilbert,68,0
2014,Shower,Becky G,69,0
2014,Me And My Broken Heart,Rixton,70,0
2014,Animals,Martin Garrix,71,0
2014,Lifestyle,Rich Gang FeaturingYoung Thug& Rich Homie Quan,72,0
2014,American Kids,Kenny Chesney,73,0
2014,Brave,Sara Bareilles,74,0
2014,Sweater Weather,The Neighbourhood,75,0
2014,Leave The Night On,Sam Hunt,76,0
2014,New Flame,Chris BrownFeaturingUsher&Rick Ross,77,0
2014,Love Never Felt So Good,Michael Jackson &Justin Timberlake,78,0
2014,Drunk On A Plane,Dierks Bentley,79,0
2014,Birthday,Katy Perry,80,0
2014,Bartender,Lady Antebellum,81,0
2014,La La La,Naughty Boy FeaturingSam Smith,82,0
2014,Blurred Lines,Robin ThickeFeaturing T.I. + Pharrell,83,0
2014,Do What U Want,Lady GagaFeaturingR. Kelly,84,0
2014,Can't Remember To Forget You,ShakiraFeaturingRihanna,85,0
2014,Amnesia,5 Seconds of Summer,86,0
2014,No Mediocre,T.I. FeaturingIggy Azalea,87,0
2014,Come With Me Now,KONGOS,88,0
2014,Believe Me,Lil WayneFeaturingDrake,89,0
2014,23,"Mike Will Made-ItFeaturingMiley Cyrus,Wiz Khalifa&Juicy J",90,0
2014,Beachin',Jake Owen,91,0
2014,White Walls,Macklemore & Ryan Lewis FeaturingScHoolboy Q&Hollis,92,0
2014,She Looks So Perfect,5 Seconds of Summer,93,0
2014,Stay The Night,ZeddFeaturingHayley Williams,94,0
2014,Partition,Beyonce,95,0
2014,Studio,ScHoolboy QFeaturingBJ the Chicago Kid,96,0
2014,0 To 100 / The Catch Up,Drake,97,0
2014,I Don't Dance,Lee Brice,98,0
2014,Somethin' Bad,Miranda LambertDuet WithCarrie Underwood,99,0
2014,Adore You,Miley Cyrus,100,0
2015,Uptown Funk!,Mark RonsonFeaturingBruno Mars,1,1
2015,Thinking Out Loud,Ed Sheeran,2,1
2015,See You Again,Wiz KhalifaFeaturingCharlie Puth,3,1
2015,Trap Queen,Fetty Wap,4,1
2015,Sugar,Maroon 5,5,1
2015,Shut Up And Dance,Walk the Moon,6,1
2015,Blank Space,Taylor Swift,7,1
2015,Watch Me,Silento,8,1
2015,Earned It (Fifty Shades Of Grey),The Weeknd,9,1
2015,The Hills,The Weeknd,10,1
2015,Cheerleader,OMI,11,0
2015,Can't Feel My Face,The Weeknd,12,0
2015,Love Me Like You Do,Ellie Goulding,13,0
2015,Take Me To Church,Hozier,14,0
2015,Bad Blood,Taylor SwiftFeaturingKendrick Lamar,15,0
2015,Lean On,Major LazerXDJ SnakeFeaturingMo,16,0
2015,Want To Want Me,Jason Derulo,17,0
2015,Shake It Off,Taylor Swift,18,0
2015,Where Are U Now,Skrillex&DiploWithJustin Bieber,19,0
2015,Fight Song,Rachel Platten,20,0
2015,679,Fetty WapFeaturingRemy Boyz,21,0
2015,Lips Are Movin,Meghan Trainor,22,0
2015,Worth It,Fifth HarmonyFeaturingKid Ink,23,0
2015,Post To Be,OmarionFeaturingChris Brown&Jhene Aiko,24,0
2015,"Honey, I'm Good.",Andy Grammer,25,0
2015,I'm Not The Only One,Sam Smith,26,0
2015,Good For You,Selena GomezFeaturingA$AP Rocky,27,0
2015,All About That Bass,Meghan Trainor,28,0
2015,Style,Taylor Swift,29,0
2015,Hotline Bling,Drake,30,0
2015,Hey Mama,"David GuettaFeaturingNicki Minaj,Bebe Rexha&Afrojack",31,0
2015,G.D.F.R.,Flo RidaFeaturingSage The Gemini&Lookas,32,0
2015,What Do You Mean?,Justin Bieber,33,0
2015,Photograph,Ed Sheeran,34,0
2015,Hello,Adele,35,0
2015,Stitches,Shawn Mendes,36,0
2015,Talking Body,Tove Lo,37,0
2015,Jealous,Nick Jonas,38,0
2015,Time Of Our Lives,Pitbull&Ne-Yo,39,0
2015,Locked Away,R. CityFeaturingAdam Levine,40,0
2015,Somebody,Natalie La Rose FeaturingJeremih,41,0
2015,FourFiveSeconds,Rihanna&Kanye West&Paul McCartney,42,0
2015,Centuries,Fall Out Boy,43,0
2015,My Way,Fetty WapFeaturing Monty,44,0
2015,Take Your Time,Sam Hunt,45,0
2015,Animals,Maroon 5,46,0
2015,I Don't F**k With You,Big SeanFeaturingE-40,47,0
2015,B**** Better Have My Money,Rihanna,48,0
2015,Flex (Ooh Ooh Ooh),Rich Homie Quan,49,0
2015,Nasty Freestyle,T-Wayne,50,0
2015,Only,"Nicki MinajFeaturingDrake,Lil Wayne&Chris Brown",51,0
2015,Elastic Heart,Sia,52,0
2015,Cool For The Summer,Demi Lovato,53,0
2015,Renegades,X Ambassadors,54,0
2015,I Don't Mind,UsherFeaturingJuicy J,55,0
2015,Love Me Harder,Ariana Grande&The Weeknd,56,0
2015,Wildest Dreams,Taylor Swift,57,0
2015,Stay With Me,Sam Smith,58,0
2015,You Know You Like It,DJ Snake&AlunaGeorge,59,0
2015,Uma Thurman,Fall Out Boy,60,0
2015,7/11,Beyonce,61,0
2015,The Heart Wants What It Wants,Selena Gomez,62,0
2015,Girl Crush,Little Big Town,63,0
2015,Slow Motion,Trey Songz,64,0
2015,Drag Me Down,One Direction,65,0
2015,Truffle Butter,Nicki MinajFeaturingDrake&Lil Wayne,66,0
2015,One Last Time,Ariana Grande,67,0
2015,Chains,Nick Jonas,68,0
2015,All Eyes On You,Meek MillFeaturingChris Brown&Nicki Minaj,69,0
2015,No Type,Rae Sremmurd,70,0
2015,Riptide,Vance Joy,71,0
2015,Classic Man,JidennaFeaturingRoman Gianarthur,72,0
2015,Ex's & Oh's,Elle King,73,0
2015,Dear Future Husband,Meghan Trainor,74,0
2015,Marvin Gaye,Charlie PuthFeaturingMeghan Trainor,75,0
2015,Like I'm Gonna Lose You,Meghan TrainorFeaturingJohn Legend,76,0
2015,Habits (Stay High),Tove Lo,77,0
2015,The Hanging Tree,James Newton HowardFeaturing Jennifer Lawrence,78,0
2015,CoCo,O.T. Genasis,79,0
2015,Bang Bang,"Jessie J,Ariana Grande&Nicki Minaj",80,0
2015,Lay Me Down,Sam Smith,81,0
2015,Tuesday,I Love MakonnenFeaturingDrake,82,0
2015,Hit The Quan,iLoveMemphis,83,0
2015,Downtown,"Macklemore & Ryan Lewis Featuring Eric Nally, Melle Mel,Kool Moe Dee&Grandmaster Caz",84,0
2015,House Party,Sam Hunt,85,0
2015,Ayo,Chris Brown&Tyga,86,0
2015,Kick The Dust Up,Luke Bryan,87,0
2015,Blessings,Big SeanFeaturingDrake,88,0
2015,Budapest,George Ezra,89,0
2015,Chandelier,Sia,90,0
2015,Heartbeat Song,Kelly Clarkson,91,0
2015,Don't,Ed Sheeran,92,0
2015,Ghost,Ella Henderson,93,0
2015,Here,Alessia Cara,94,0
2015,Waves,Mr. Probz,95,0
2015,El Perdon (Forgiveness),Nicky Jam&Enrique Iglesias,96,0
2015,She Knows,Ne-YoFeaturingJuicy J,97,0
2015,Night Changes,One Direction,98,0
2015,Back To Back,Drake,99,0
2015,How Deep Is Your Love,Calvin Harris& Disciples,100,0
2016,Love Yourself,Justin Bieber,1,1
2016,Sorry,Justin Bieber,2,1
2016,One Dance,DrakeFeaturingWizkid&Kyla,3,1
2016,Work,RihannaFeaturingDrake,4,1
2016,Stressed Out,Twenty One Pilots,5,1
2016,Panda,Desiigner,6,1
2016,Hello,Adele,7,1
2016,Don't Let Me Down,The ChainsmokersFeaturingDaya,8,1
2016,Can't Stop The Feeling!,Justin Timberlake,9,1
2016,Closer,The ChainsmokersFeaturingHalsey,10,1
2016,Cheap Thrills,SiaFeaturingSean Paul,11,0
2016,7 Years,Lukas Graham,12,0
2016,Needed Me,Rihanna,13,0
2016,My House,Flo Rida,14,0
2016,I Took A Pill In Ibiza,Mike Posner,15,0
2016,Work From Home,Fifth HarmonyFeaturingTy Dolla $ign,16,0
2016,This Is What You Came For,Calvin HarrisFeaturingRihanna,17,0
2016,Cake By The Ocean,DNCE,18,0
2016,"Me, Myself & I",G-EazyxBebe Rexha,19,0
2016,Ride,Twenty One Pilots,20,0
2016,Heathens,Twenty One Pilots,21,0
2016,Pillowtalk,ZAYN,22,0
2016,Stitches,Shawn Mendes,23,0
2016,Hotline Bling,Drake,24,0
2016,Cold Water,Major LazerFeaturingJustin Bieber&Mo,25,0
2016,Send My Love (To Your New Lover),Adele,26,0
2016,Roses,The ChainsmokersFeaturingROZES,27,0
2016,Treat You Better,Shawn Mendes,28,0
2016,Too Good,DrakeFeaturingRihanna,29,0
2016,Low Life,FutureFeaturingThe Weeknd,30,0
2016,What Do You Mean?,Justin Bieber,31,0
2016,The Hills,The Weeknd,32,0
2016,Just Like Fire,P!nk,33,0
2016,Broccoli,D.R.A.M. FeaturingLil Yachty,34,0
2016,Don't,Bryson Tiller,35,0
2016,Dangerous Woman,Ariana Grande,36,0
2016,Jumpman,Drake&Future,37,0
2016,I Hate U I Love U,GnashFeaturing Olivia O'Brien,38,0
2016,Here,Alessia Cara,39,0
2016,Same Old Love,Selena Gomez,40,0
2016,Controlla,Drake,41,0
2016,Like I'm Gonna Lose You,Meghan TrainorFeaturingJohn Legend,42,0
2016,One Call Away,Charlie Puth,43,0
2016,Let It Go,James Bay,44,0
2016,No,Meghan Trainor,45,0
2016,Never Forget You,Zara Larsson&MNEK,46,0
2016,Let Me Love You,DJ SnakeFeaturingJustin Bieber,47,0
2016,Don't Mind,Kent Jones,48,0
2016,H.O.L.Y.,Florida Georgia Line,49,0
2016,We Don't Talk Anymore,Charlie PuthFeaturingSelena Gomez,50,0
2016,Into You,Ariana Grande,51,0
2016,Gold,Kiiara,52,0
2016,Exchange,Bryson Tiller,53,0
2016,679,Fetty WapFeaturingRemy Boyz,54,0
2016,Oui,Jeremih,55,0
2016,Hands To Myself,Selena Gomez,56,0
2016,2 Phones,Kevin Gates,57,0
2016,Starboy,The WeekndFeaturingDaft Punk,58,0
2016,For Free,DJ KhaledFeaturingDrake,59,0
2016,Never Be Like You,FlumeFeaturing Kai,60,0
2016,In The Night,The Weeknd,61,0
2016,Me Too,Meghan Trainor,62,0
2016,Ex's & Oh's,Elle King,63,0
2016,Die A Happy Man,Thomas Rhett,64,0
2016,White Iverson,Post Malone,65,0
2016,Close,Nick JonasFeaturingTove Lo,66,0
2016,Unsteady,X Ambassadors,67,0
2016,Sucker For Pain,"Lil Wayne,Wiz Khalifa&Imagine DragonsWithLogic&Ty Dolla $ignFeat.X Ambassadors",68,0
2016,Down In The DM,Yo GottiFeaturingNicki Minaj,69,0
2016,Luv,Tory Lanez,70,0
2016,Sorry,Beyonce,71,0
2016,Can't Feel My Face,The Weeknd,72,0
2016,Hymn For The Weekend,Coldplay,73,0
2016,Say It,Tory Lanez,74,0
2016,Antidote,Travis Scott,75,0
2016,Lost Boy,Ruth B,76,0
2016,Side To Side,Ariana GrandeFeaturingNicki Minaj,77,0
2016,"Sit Still, Look Pretty",Daya,78,0
2016,Wildest Dreams,Taylor Swift,79,0
2016,Middle,DJ SnakeFeaturingBipolar Sunshine,80,0
2016,On My Mind,Ellie Goulding,81,0
2016,Pop Style,DrakeFeaturing The Throne,82,0
2016,When We Were Young,Adele,83,0
2016,Hide Away,Daya,84,0
2016,Lean On,Major LazerXDJ SnakeFeaturingMo,85,0
2016,I Know What You Did Last Summer,Shawn Mendes&Camila Cabello,86,0
2016,Watch Me,Silento,87,0
2016,Back To Sleep,Chris Brown,88,0
2016,No Limit,UsherFeaturingYoung Thug,89,0
2016,Cut It,O.T. GenasisFeaturingYoung Dolph,90,0
2016,Really Really,Kevin Gates,91,0
2016,All In My Head (Flex),Fifth HarmonyFeaturingFetty Wap,92,0
2016,Starving,Hailee Steinfeld&GreyFeaturingZedd,93,0
2016,Adventure Of A Lifetime,Coldplay,94,0
2016,Humble And Kind,Tim McGraw,95,0
2016,Wicked,Future,96,0
2016,Tiimmy Turner,Desiigner,97,0
2016,See You Again,Wiz KhalifaFeaturingCharlie Puth,98,0
2016,Perfect,One Direction,99,0
2017,Shape Of You,Ed Sheeran,1,1
2017,Despacito,Luis Fonsi&Daddy YankeeFeaturingJustin Bieber,2,1
2017,That's What I Like,Bruno Mars,3,1
2017,Humble.,Kendrick Lamar,4,1
2017,Something Just Like This,The Chainsmokers&Coldplay,5,1
2017,Bad And Boujee,MigosFeaturingLil Uzi Vert,6,1
2017,Closer,The ChainsmokersFeaturingHalsey,7,1
2017,Body Like A Back Road,Sam Hunt,8,1
2017,Believer,Imagine Dragons,9,1
2017,Congratulations,Post MaloneFeaturingQuavo,10,1
2017,Say You Won't Let Go,James Arthur,11,0
2017,I'm The One,"DJ KhaledFeaturingJustin Bieber,Quavo,Chance the Rapper&Lil Wayne",12,0
2017,XO TOUR Llif3,Lil Uzi Vert,13,0
2017,Mask Off,Future,14,0
2017,Unforgettable,French MontanaFeaturingSwae Lee,15,0
2017,24K Magic,Bruno Mars,16,0
2017,Stay,Zedd&Alessia Cara,17,0
2017,Wild Thoughts,DJ KhaledFeaturingRihanna&Bryson Tiller,18,0
2017,Black Beatles,Rae SremmurdFeaturingGucci Mane,19,0
2017,Starboy,The WeekndFeaturingDaft Punk,20,0
2017,Location,Khalid,21,0
2017,Attention,Charlie Puth,22,0
2017,There's Nothing Holdin' Me Back,Shawn Mendes,23,0
2017,Bodak Yellow (Money Moves),Cardi B,24,0
2017,Redbone,Childish Gambino,25,0
2017,I Don't Wanna Live Forever (Fifty Shades Darker),ZAYN/Taylor Swift,26,0
2017,It Ain't Me,KygoxSelena Gomez,27,0
2017,iSpy,KyleFeaturingLil Yachty,28,0
2017,Issues,Julia Michaels,29,0
2017,Scars To Your Beautiful,Alessia Cara,30,0
2017,1-800-273-8255,LogicFeaturingAlessia Cara&Khalid,31,0
2017,Slow Hands,Niall Horan,32,0
2017,Love On The Brain,Rihanna,33,0
2017,I Feel It Coming,The WeekndFeaturingDaft Punk,34,0
2017,Bounce Back,Big Sean,35,0
2017,Strip That Down,Liam PayneFeaturingQuavo,36,0
2017,Fake Love,Drake,37,0
2017,Don't Wanna Know,Maroon 5FeaturingKendrick Lamar,38,0
2017,Look What You Made Me Do,Taylor Swift,39,0
2017,Castle On The Hill,Ed Sheeran,40,0
2017,Bad Things,Machine Gun Kelly xCamila Cabello,41,0
2017,Paris,The Chainsmokers,42,0
2017,Side To Side,Ariana GrandeFeaturingNicki Minaj,43,0
2017,Rockabye,Clean BanditFeaturingSean Paul&Anne-Marie,44,0
2017,Feel It Still,Portugal. The Man,45,0
2017,Let Me Love You,DJ SnakeFeaturingJustin Bieber,46,0
2017,Sorry Not Sorry,Demi Lovato,47,0
2017,Bank Account,21 Savage,48,0
2017,Can't Stop The Feeling!,Justin Timberlake,49,0
2017,Mi Gente,J Balvin&Willy WilliamFeaturing Beyonce,50,0
2017,Thunder,Imagine Dragons,51,0
2017,T-Shirt,Migos,52,0
2017,Rake It Up,Yo GottiFeaturingNicki Minaj,53,0
2017,Mercy,Shawn Mendes,54,0
2017,Tunnel Vision,Kodak Black,55,0
2017,Rockstar,Post MaloneFeaturing21 Savage,56,0
2017,In Case You Didn't Know,Brett Young,57,0
2017,Heathens,Twenty One Pilots,58,0
2017,Now Or Never,Halsey,59,0
2017,Caroline,Amine,60,0
2017,Rolex,Ayo & Teo,61,0
2017,DNA.,Kendrick Lamar,62,0
2017,Juju On That Beat (TZ Anthem),Zay Hilfigerrr & Zayion McCall,63,0
2017,Swang,Rae Sremmurd,64,0
2017,Passionfruit,Drake,65,0
2017,Loyalty.,Kendrick LamarFeaturingRihanna,66,0
2017,Praying,Kesha,67,0
2017,Goosebumps,Travis Scott,68,0
2017,Cold,Maroon 5FeaturingFuture,69,0
2017,Broccoli,D.R.A.M. FeaturingLil Yachty,70,0
2017,Slide,Calvin HarrisFeaturingFrank Ocean&Migos,71,0
2017,What Ifs,Kane BrownFeaturingLauren Alaina,72,0
2017,Chained To The Rhythm,Katy PerryFeaturingSkip Marley,73,0
2017,Feels,"Calvin HarrisFeaturingPharrell Williams,Katy Perry&Big Sean",74,0
2017,All Time Low,Jon Bellion,75,0
2017,Hurricane,Luke Combs,76,0
2017,Too Good At Goodbyes,Sam Smith,77,0
2017,Young Dumb & Broke,Khalid,78,0
2017,Magnolia,Playboi Carti,79,0
2017,Love Galore,SZAFeaturingTravis Scott,80,0
2017,Drowning,A Boogie wit da HoodieFeaturingKodak Black,81,0
2017,Starving,Hailee Steinfeld&GreyFeaturingZedd,82,0
2017,Both,Gucci ManeFeaturingDrake,83,0
2017,What About Us,P!nk,84,0
2017,Swalla,Jason DeruloFeaturingNicki Minaj&Ty Dolla $ign,85,0
2017,Slippery,MigosFeaturingGucci Mane,86,0
2017,Sign Of The Times,Harry Styles,87,0
2017,Water Under The Bridge,Adele,88,0
2017,Malibu,Miley Cyrus,89,0
2017,Down,Marian Hill,90,0
2017,No Promises,Cheat CodesFeaturingDemi Lovato,91,0
2017,Treat You Better,Shawn Mendes,92,0
2017,I Get The Bag,Gucci ManeFeaturingMigos,93,0
2017,Small Town Boy,Dustin Lynch,94,0
2017,Everyday We Lit,Yfn LucciFeaturingPnB Rock,95,0
2017,Havana,Camila CabelloFeaturingYoung Thug,96,0
2017,What Lovers Do,Maroon 5FeaturingSZA,97,0
2017,Do Re Mi,Blackbear,98,0
2017,Look At Me!,XXXTENTACION,99,0
2017,The Fighter,Keith UrbanFeaturingCarrie Underwood,100,0
2018,God's Plan,Drake,1,1
2018,Perfect,Ed Sheeran,2,1
2018,Meant To Be,Bebe Rexha&Florida Georgia Line,3,1
2018,Havana,Camila CabelloFeaturingYoung Thug,4,1
2018,Rockstar,Post MaloneFeaturing21 Savage,5,1
2018,Psycho,Post MaloneFeaturingTy Dolla $ign,6,1
2018,I Like It,"Cardi B,Bad Bunny&J Balvin",7,1
2018,The Middle,"Zedd,Maren Morris&Grey",8,1
2018,In My Feelings,Drake,9,1
2018,Girls Like You,Maroon 5FeaturingCardi B,10,1
2018,Nice For What,Drake,11,0
2018,Lucid Dreams,Juice WRLD,12,0
2018,Better Now,Post Malone,13,0
2018,Finesse,Bruno Mars&Cardi B,14,0
2018,Boo'd Up,Ella Mai,15,0
2018,New Rules,Dua Lipa,16,0
2018,Sad!,XXXTENTACION,17,0
2018,Never Be The Same,Camila Cabello,18,0
2018,Love Lies,Khalid&Normani,19,0
2018,No Tears Left To Cry,Ariana Grande,20,0
2018,Mine,Bazzi,21,0
2018,Thunder,Imagine Dragons,22,0
2018,Look Alive,BlocBoy JB FeaturingDrake,23,0
2018,Delicate,Taylor Swift,24,0
2018,Yes Indeed,Lil Baby&Drake,25,0
2018,Friends,Marshmello&Anne-Marie,26,0
2018,Bad At Love,Halsey,27,0
2018,Taste,TygaFeaturingOffset,28,0
2018,Let You Down,NF,29,0
2018,No Limit,G-EazyFeaturingA$AP Rocky&Cardi B,30,0
2018,FEFE,6ix9ineFeaturingNicki Minaj& Murda Beatz,31,0
2018,Tequila,Dan + Shay,32,0
2018,Feel It Still,Portugal. The Man,33,0
2018,MotorSport,"Migos,Nicki Minaj&Cardi B",34,0
2018,I Like Me Better,Lauv,35,0
2018,Youngblood,5 Seconds of Summer,36,0
2018,Whatever It Takes,Imagine Dragons,37,0
2018,Ric Flair Drip,Offset&Metro Boomin,38,0
2018,I Fall Apart,Post Malone,39,0
2018,Pray For Me,The Weeknd&Kendrick Lamar,40,0
2018,Back To You,Selena Gomez,41,0
2018,Sicko Mode,Travis Scott,42,0
2018,Walk It Talk It,MigosFeaturingDrake,43,0
2018,Gucci Gang,Lil Pump,44,0
2018,Him & I,G-Eazy&Halsey,45,0
2018,In My Blood,Shawn Mendes,46,0
2018,All The Stars,Kendrick Lamar&SZA,47,0
2018,Stir Fry,Migos,48,0
2018,Too Good At Goodbyes,Sam Smith,49,0
2018,Love.,Kendrick LamarFeaturing Zacari,50,0
2018,This Is America,Childish Gambino,51,0
2018,Nonstop,Drake,52,0
2018,Heaven,Kane Brown,53,0
2018,Bodak Yellow (Money Moves),Cardi B,54,0
2018,Freaky Friday,Lil DickyFeaturingChris Brown,55,0
2018,Gummo,6ix9ine,56,0
2018,Plug Walk,Rich The Kid,57,0
2018,Wait,Maroon 5,58,0
2018,Be Careful,Cardi B,59,0
2018,Wolves,Selena GomezXMarshmello,60,0
2018,Bartier Cardi,Cardi BFeaturing21 Savage,61,0
2018,God Is A Woman,Ariana Grande,62,0
2018,Big Bank,"YGFeaturing2 Chainz,Big Sean&Nicki Minaj",63,0
2018,Sorry Not Sorry,Demi Lovato,64,0
2018,How Long,Charlie Puth,65,0
2018,Lights Down Low,MAX FeaturingGnash,66,0
2018,Young Dumb & Broke,Khalid,67,0
2018,One Kiss,Calvin Harris&Dua Lipa,68,0
2018,Natural,Imagine Dragons,69,0
2018,You Make It Easy,Jason Aldean,70,0
2018,Shape Of You,Ed Sheeran,71,0
2018,I Get The Bag,Gucci ManeFeaturingMigos,72,0
2018,No Brainer,"DJ KhaledFeaturingJustin Bieber,Chance the Rapper&Quavo",73,0
2018,Plain Jane,A$AP FergFeaturingNicki Minaj,74,0
2018,Sky Walker,MiguelFeaturingTravis Scott,75,0
2018,Marry Me,Thomas Rhett,76,0
2018,Eastside,"Benny Blanco,Halsey&Khalid",77,0
2018,Call Out My Name,The Weeknd,78,0
2018,King's Dead,"Jay Rock,Kendrick Lamar,Future&James Blake",79,0
2018,Happier,Marshmello&Bastille,80,0
2018,Te Bote,"Casper Magico,Nio Garcia,Darell,Nicky Jam,Ozuna&Bad Bunny",81,0
2018,Simple,Florida Georgia Line,82,0
2018,Lemon,N*E*R*D &Rihanna,83,0
2018,1-800-273-8255,LogicFeaturingAlessia Cara&Khalid,84,0
2018,Say Something,Justin TimberlakeFeaturingChris Stapleton,85,0
2018,I'm Upset,Drake,86,0
2018,Get Along,Kenny Chesney,87,0
2018,Moonlight,XXXTENTACION,88,0
2018,What Lovers Do,Maroon 5FeaturingSZA,89,0
2018,X,Nicky JamxJ Balvin,90,0
2018,Outside Today,YoungBoy Never Broke Again,91,0
2018,Trip,Ella Mai,92,0
2018,Dura,Daddy Yankee,93,0
2018,Changes,XXXTENTACION,94,0
2018,Mercy,Brett Young,95,0
2018,One Number Away,Luke Combs,96,0
2018,Powerglide,Rae Sremmurd&Juicy J,97,0
2018,IDGAF,Dua Lipa,98,0
2018,Mi Gente,J Balvin&Willy WilliamFeaturing Beyonce,99,0
2018,Believer,Imagine Dragons,100,0
2019,Old Town Road,Lil Nas XFeaturingBilly Ray Cyrus,1,1
2019,Sunflower (Spider-Man: Into The Spider-Verse),Post Malone&Swae Lee,2,1
2019,Without Me,Halsey,3,1
2019,Bad Guy,Billie Eilish,4,1
2019,Wow.,Post Malone,5,1
2019,Happier,Marshmello&Bastille,6,1
2019,7 Rings,Ariana Grande,7,1
2019,Talk,Khalid,8,1
2019,Sicko Mode,Travis Scott,9,1
2019,Sucker,Jonas Brothers,10,1
2019,High Hopes,Panic! At The Disco,11,0
2019,"Thank U, Next",Ariana Grande,12,0
2019,Truth Hurts,Lizzo,13,0
2019,Dancing With A Stranger,Sam Smith&Normani,14,0
2019,Senorita,Shawn Mendes&Camila Cabello,15,0
2019,I Don't Care,Ed Sheeran&Justin Bieber,16,0
2019,Eastside,"Benny Blanco,Halsey&Khalid",17,0
2019,Going Bad,Meek MillFeaturingDrake,18,0
2019,Shallow,Lady Gaga&Bradley Cooper,19,0
2019,Better,Khalid,20,0
2019,No Guidance,Chris BrownFeaturingDrake,21,0
2019,Girls Like You,Maroon 5FeaturingCardi B,22,0
2019,Sweet But Psycho,Ava Max,23,0
2019,Suge,DaBaby,24,0
2019,Middle Child,J. Cole,25,0
2019,Drip Too Hard,Lil Baby&Gunna,26,0
2019,Someone You Loved,Lewis Capaldi,27,0
2019,Ran$om,Lil Tecca,28,0
2019,If I Can't Have You,Shawn Mendes,29,0
2019,Goodbyes,Post MaloneFeaturingYoung Thug,30,0
2019,ZEZE,Kodak BlackFeaturingTravis Scott&Offset,31,0
2019,Better Now,Post Malone,32,0
2019,Youngblood,5 Seconds of Summer,33,0
2019,Money In The Grave,DrakeFeaturingRick Ross,34,0
2019,Speechless,Dan + Shay,35,0
2019,"Break Up With Your Girlfriend, I'm Bored",Ariana Grande,36,0
2019,Please Me,Cardi B&Bruno Mars,37,0
2019,Money,Cardi B,38,0
2019,You Need To Calm Down,Taylor Swift,39,0
2019,Panini,Lil Nas X,40,0
2019,Look Back At It,A Boogie wit da Hoodie,41,0
2019,A Lot,21 Savage,42,0
2019,ME!,Taylor SwiftFeaturingBrendon Urie,43,0
2019,MIA,Bad BunnyFeaturingDrake,44,0
2019,Pop Out,Polo GFeaturingLil Tjay,45,0
2019,Beautiful Crazy,Luke Combs,46,0
2019,Thotiana,Blueface,47,0
2019,Lucid Dreams,Juice WRLD,48,0
2019,Mo Bamba,Sheck Wes,49,0
2019,Beautiful People,Ed SheeranFeaturingKhalid,50,0
2019,Wake Up In The Sky,Gucci ManeXBruno MarsXKodak Black,51,0
2019,Whiskey Glasses,Morgan Wallen,52,0
2019,God's Country,Blake Shelton,53,0
2019,Be Alright,Dean Lewis,54,0
2019,Pure Water,Mustard&Migos,55,0
2019,The Git Up,Blanco Brown,56,0
2019,Taki Taki,"DJ SnakeFeaturingSelena Gomez,Ozuna&Cardi B",57,0
2019,Close To Me,Ellie GouldingXDiploFeaturingSwae Lee,58,0
2019,Envy Me,Calboy,59,0
2019,You Say,Lauren Daigle,60,0
2019,"Hey Look Ma, I Made It",Panic! At The Disco,61,0
2019,Circles,Post Malone,62,0
2019,Beer Never Broke My Heart,Luke Combs,63,0
2019,The London,"Young Thug,J. Cole&Travis Scott",64,0
2019,Con Calma,Daddy Yankee&Katy PerryFeaturingSnow,65,0
2019,Murder On My Mind,YNW Melly,66,0
2019,When The Party's Over,Billie Eilish,67,0
2019,Act Up,City Girls,68,0
2019,I Like It,"Cardi B,Bad Bunny&J Balvin",69,0
2019,Trampoline,SHAED,70,0
2019,Leave Me Alone,Flipp Dinero,71,0
2019,Breathin,Ariana Grande,72,0
2019,Bury A Friend,Billie Eilish,73,0
2019,Close Friends,Lil Baby,74,0
2019,Baby Shark,Pinkfong,75,0
2019,My Type,Saweetie,76,0
2019,Worth It,YK Osiris,77,0
2019,Only Human,Jonas Brothers,78,0
2019,Knockin' Boots,Luke Bryan,79,0
2019,Trip,Ella Mai,80,0
2019,Rumor,Lee Brice,81,0
2019,Swervin,A Boogie wit da HoodieFeaturing6ix9ine,82,0
2019,How Do You Sleep?,Sam Smith,83,0
2019,Baby,Lil Baby&DaBaby,84,0
2019,Look What God Gave Her,Thomas Rhett,85,0
2019,Good As You,Kane Brown,86,0
2019,Clout,OffsetFeaturingCardi B,87,0
2019,Love Lies,Khalid&Normani,88,0
2019,One Thing Right,Marshmello&Kane Brown,89,0
2019,Cash Shit,Megan Thee StallionFeaturingDaBaby,90,0
2019,Tequila,Dan + Shay,91,0
2019,Shotta Flow,NLE Choppa,92,0
2019,Hot Girl Summer,"Megan Thee Stallion,Nicki Minaj&Ty Dolla $ign",93,0
2019,Talk You Out Of It,Florida Georgia Line,94,0
2019,Beautiful,Bazzi FeaturingCamila Cabello,95,0
2019,Eyes On You,Chase Rice,96,0
2019,All To Myself,Dan + Shay,97,0
2019,Boyfriend,Ariana Grande& Social House,98,0
2019,Walk Me Home,P!nk,99,0
2019,Robbery,Juice WRLD,100,0
2020,Blinding Lights,The Weeknd,1,1
2020,Circles,Post Malone,2,1
2020,The Box,Roddy Ricch,3,1
2020,Don't Start Now,Dua Lipa,4,1
2020,Rockstar,DaBabyFeaturingRoddy Ricch,5,1
2020,Adore You,Harry Styles,6,1
2020,Life Is Good,FutureFeaturingDrake,7,1
2020,Memories,Maroon 5,8,1
2020,The Bones,Maren Morris,9,1
2020,Someone You Loved,Lewis Capaldi,10,1
2020,Say So,Doja Cat,11,0
2020,I Hope,Gabby BarrettFeaturing Charlie Puth,12,0
2020,Whats Poppin,"Jack HarlowFeaturingDaBaby,Tory Lanez&Lil Wayne",13,0
2020,Dance Monkey,Tones And I,14,0
2020,Savage,Megan Thee StallionFeaturing Beyonce,15,0
2020,Roxanne,Arizona Zervas,16,0
2020,Intentions,Justin BieberFeaturingQuavo,17,0
2020,Everything I Wanted,Billie Eilish,18,0
2020,Roses,Saint Jhn,19,0
2020,Watermelon Sugar,Harry Styles,20,0
2020,Before You Go,Lewis Capaldi,21,0
2020,Falling,Trevor Daniel,22,0
2020,"10,000 Hours",Dan + Shay&Justin Bieber,23,0
2020,WAP,Cardi BFeaturingMegan Thee Stallion,24,0
2020,Ballin',Mustard&Roddy Ricch,25,0
2020,Hot Girl Bummer,Blackbear,26,0
2020,Blueberry Faygo,Lil Mosey,27,0
2020,Heartless,The Weeknd,28,0
2020,BOP,DaBaby,29,0
2020,Lose You To Love Me,Selena Gomez,30,0
2020,Good As Hell,Lizzo,31,0
2020,Toosie Slide,Drake,32,0
2020,Break My Heart,Dua Lipa,33,0
2020,Chasin' You,Morgan Wallen,34,0
2020,Savage Love (Laxed - Siren Beat),Jawsh 685 xJason Derulo,35,0
2020,No Guidance,Chris BrownFeaturingDrake,36,0
2020,My Oh My,Camila CabelloFeaturingDaBaby,37,0
2020,Dynamite,BTS,38,0
2020,Go Crazy,Chris Brown&Young Thug,39,0
2020,High Fashion,Roddy RicchFeaturingMustard,40,0
2020,Laugh Now Cry Later,DrakeFeaturingLil Durk,41,0
2020,Woah,Lil Baby,42,0
2020,Death Bed,Powfu Featuringbeabadoobee,43,0
2020,Senorita,Shawn Mendes&Camila Cabello,44,0
2020,HIGHEST IN THE ROOM,Travis Scott,45,0
2020,Bad Guy,Billie Eilish,46,0
2020,Mood,24kGoldnFeaturingiann dior,47,0
2020,Rain On Me,Lady Gaga&Ariana Grande,48,0
2020,For The Night,Pop SmokeFeaturingLil Baby&DaBaby,49,0
2020,RITMO (Bad Boys For Life),Black Eyed Peas XJ Balvin,50,0
2020,Heart On Ice,Rod Wave,51,0
2020,Nobody But You,Blake SheltonDuet WithGwen Stefani,52,0
2020,Trampoline,SHAED,53,0
2020,Come & Go,Juice WRLDxMarshmello,54,0
2020,Truth Hurts,Lizzo,55,0
2020,If The World Was Ending,JP SaxeFeaturingJulia Michaels,56,0
2020,We Paid,Lil Baby&42 Dugg,57,0
2020,Yummy,Justin Bieber,58,0
2020,One Man Band,Old Dominion,59,0
2020,Got What I Got,Jason Aldean,60,0
2020,Sunday Best,Surfaces,61,0
2020,Godzilla,EminemFeaturingJuice WRLD,62,0
2020,Bandit,Juice WRLD&YoungBoy Never Broke Again,63,0
2020,Party Girl,StaySolidRocky,64,0
2020,Die From A Broken Heart,Maddie & Tae,65,0
2020,Popstar,DJ KhaledFeaturingDrake,66,0
2020,All I Want For Christmas Is You,Mariah Carey,67,0
2020,One Of Them Girls,Lee Brice,68,0
2020,Hard To Forget,Sam Hunt,69,0
2020,One Margarita,Luke Bryan,70,0
2020,Panini,Lil Nas X,71,0
2020,Hot,Young ThugFeaturingGunna,72,0
2020,I Hope You're Happy Now,Carly Pearce&Lee Brice,73,0
2020,Emotionally Scarred,Lil Baby,74,0
2020,Suicidal,YNW Melly&Juice WRLD,75,0
2020,The Bigger Picture,Lil Baby,76,0
2020,Only Human,Jonas Brothers,77,0
2020,The Woo,Pop SmokeFeaturing50 Cent&Roddy Ricch,78,0
2020,Sum 2 Prove,Lil Baby,79,0
2020,Stuck With U,Ariana Grande&Justin Bieber,80,0
2020,Mood Swings,Pop SmokeFeaturingLil Tjay,81,0
2020,You Should Be Sad,Halsey,82,0
2020,Dior,Pop Smoke,83,0
2020,Supalonely,BENEE FeaturingGus Dapperton,84,0
2020,Even Though I'm Leaving,Luke Combs,85,0
2020,The Scotts,"THE SCOTTS,Travis Scott&Kid Cudi",86,0
2020,Juicy,Doja Cat&Tyga,87,0
2020,Be Like That,Kane BrownWithSwae Lee&Khalid,88,0
2020,Homesick,Kane Brown,89,0
2020,Rags2Riches,Rod WaveFeaturing ATR Son Son,90,0
2020,Bluebird,Miranda Lambert,91,0
2020,Wishing Well,Juice WRLD,92,0
2020,Does To Me,Luke CombsFeaturingEric Church,93,0
2020,P*$$y Fairy (OTW),Jhene Aiko,94,0
2020,ily,Surf Mesa Featuring Emilee,95,0
2020,More Than My Hometown,Morgan Wallen,96,0
2020,Lovin' On You,Luke Combs,97,0
2020,Said Sum,Moneybagg Yo,98,0
2020,Slide,H.E.R. FeaturingYG,99,0
2020,Walk Em Down,NLE Choppa FeaturingRoddy Ricch,100,0
2021,Levitating,Dua Lipa,1,1
2021,Save Your Tears,The Weeknd& Ariana Grande,2,1
2021,Blinding Lights,The Weeknd,3,1
2021,Mood,24kGoldnFeaturingiann dior,4,1
2021,Good 4 U,Olivia Rodrigo,5,1
2021,Kiss Me More,Doja CatFeaturingSZA,6,1
2021,Leave The Door Open,Silk Sonic(Bruno Mars&Anderson .Paak),7,1
2021,Drivers License,Olivia Rodrigo,8,1
2021,Montero (Call Me By Your Name),Lil Nas X,9,1
2021,Peaches,Justin BieberFeaturingDaniel Caesar& Giveon,10,1
2021,Butter,BTS,11,0
2021,Stay,The Kid Laroi&Justin Bieber,12,0
2021,Deja Vu,Olivia Rodrigo,13,0
2021,Positions,Ariana Grande,14,0
2021,Bad Habits,Ed Sheeran,15,0
2021,Heat Waves,Glass Animals,16,0
2021,Without You,The Kid Laroi,17,0
2021,Forever After All,Luke Combs,18,0
2021,Go Crazy,Chris Brown&Young Thug,19,0
2021,Astronaut In The Ocean,Masked Wolf,20,0
2021,34+35,Ariana GrandeFeat. Doja Cat & Megan Thee Stallion,21,0
2021,What You Know Bout Love,Pop Smoke,22,0
2021,My Ex's Best Friend,Machine Gun Kelly XBlackbear,23,0
2021,Industry Baby,Lil Nas X&Jack Harlow,24,0
2021,Therefore I Am,Billie Eilish,25,0
2021,Up,Cardi B,26,0
2021,Fancy Like,Walker Hayes,27,0
2021,Dakiti,Bad Bunny& Jhay Cortez,28,0
2021,Best Friend,Saweetie FeaturingDoja Cat,29,0
2021,Rapstar,Polo G,30,0
2021,Heartbreak Anniversary,Giveon,31,0
2021,For The Night,Pop SmokeFeaturingLil Baby&DaBaby,32,0
2021,Calling My Phone,Lil TjayFeaturing6LACK,33,0
2021,Beautiful Mistakes,Maroon 5FeaturingMegan Thee Stallion,34,0
2021,Holy,Justin BieberFeaturingChance the Rapper,35,0
2021,On Me,Lil Baby,36,0
2021,You Broke Me First.,Tate McRae,37,0
2021,Traitor,Olivia Rodrigo,38,0
2021,Back In Blood,Pooh Shiesty FeaturingLil Durk,39,0
2021,I Hope,Gabby BarrettFeaturing Charlie Puth,40,0
2021,Dynamite,BTS,41,0
2021,Wockesha,Moneybagg Yo,42,0
2021,You Right,Doja Cat&The Weeknd,43,0
2021,Beat Box,SpotemGottem Featuring Pooh Shiesty OrDaBaby,44,0
2021,Laugh Now Cry Later,DrakeFeaturingLil Durk,45,0
2021,Need To Know,Doja Cat,46,0
2021,Wants And Needs,DrakeFeaturingLil Baby,47,0
2021,Way 2 Sexy,DrakeFeaturingFuture&Young Thug,48,0
2021,Telepatia,Kali Uchis,49,0
2021,Whoopty,CJ,50,0
2021,Lemonade,Internet Money&GunnaFeaturingDon Toliver&Nav,51,0
2021,Good Days,SZA,52,0
2021,Starting Over,Chris Stapleton,53,0
2021,Body,Megan Thee Stallion,54,0
2021,Willow,Taylor Swift,55,0
2021,Bang!,AJR,56,0
2021,Better Together,Luke Combs,57,0
2021,You're Mines Still,Yung Bleu FeaturingDrake,58,0
2021,Every Chance I Get,DJ KhaledFeaturingLil Baby&Lil Durk,59,0
2021,Essence,WizkidFeaturingJustin Bieber&Tems,60,0
2021,Chasing After You,Ryan HurdWithMaren Morris,61,0
2021,The Good Ones,Gabby Barrett,62,0
2021,Leave Before You Love Me,MarshmelloXJonas Brothers,63,0
2021,Glad You Exist,Dan + Shay,64,0
2021,Lonely,Justin Bieber&Benny Blanco,65,0
2021,Beggin',Maneskin,66,0
2021,Streets,Doja Cat,67,0
2021,What's Next,Drake,68,0
2021,Famous Friends,Chris Young+Kane Brown,69,0
2021,Lil Bit,Nelly&Florida Georgia Line,70,0
2021,Thot Shit,Megan Thee Stallion,71,0
2021,Late At Night,Roddy Ricch,72,0
2021,Kings & Queens,Ava Max,73,0
2021,Anyone,Justin Bieber,74,0
2021,Track Star,Mooski,75,0
2021,Time Today,Moneybagg Yo,76,0
2021,Cry Baby,Megan Thee StallionFeaturingDaBaby,77,0
2021,All I Want For Christmas Is You,Mariah Carey,78,0
2021,No More Parties,Coi LerayFeaturingLil Durk,79,0
2021,What's Your Country Song,Thomas Rhett,80,0
2021,One Too Many,Keith UrbanDuet With P!nk,81,0
2021,Arcade,Duncan Laurence,82,0
2021,Yonaguni,Bad Bunny,83,0
2021,Good Time,Niko Moon,84,0
2021,If I Didn't Love You,Jason Aldean&Carrie Underwood,85,0
2021,Knife Talk,DrakeFeaturing21 Savage&Project Pat,86,0
2021,pov,Ariana Grande,87,0
2021,Just The Way,ParmaleexBlanco Brown,88,0
2021,Take My Breath,The Weeknd,89,0
2021,We're Good,Dua Lipa,90,0
2021,Hell Of A View,Eric Church,91,0
2021,Rockin' Around The Christmas Tree,Brenda Lee,92,0
2021,Put Your Records On,Ritt Momney,93,0
2021,Happier Than Ever,Billie Eilish,94,0
2021,Single Saturday Night,Cole Swindell,95,0
2021,Things A Man Oughta Know,Lainey Wilson,96,0
2021,Throat Baby (Go Baby),BRS Kash,97,0
2021,Tombstone,Rod Wave,98,0
2021,Drinkin' Beer. Talkin' God. Amen.,Chase RiceFeaturingFlorida Georgia Line,99,0
2021,Todo de Ti,Rauw Alejandro,100,0
2022,Heat Waves,Glass Animals,1,1
2022,As It Was,Harry Styles,2,1
2022,Stay,The Kid Laroi&Justin Bieber,3,1
2022,Easy On Me,Adele,4,1
2022,Shivers,Ed Sheeran,5,1
2022,First Class,Jack Harlow,6,1
2022,Big Energy,Latto,7,1
2022,Ghost,Justin Bieber,8,1
2022,Super Gremlin,Kodak Black,9,1
2022,Cold Heart (PNAU Remix),Elton John&Dua Lipa,10,1
2022,Wait For U,FutureFeaturingDrake&Tems,11,0
2022,About Damn Time,Lizzo,12,0
2022,Bad Habits,Ed Sheeran,13,0
2022,Thats What I Want,Lil Nas X,14,0
2022,Enemy,Imagine DragonsX JID,15,0
2022,Industry Baby,Lil Nas X&Jack Harlow,16,0
2022,abcdefu,GAYLE,17,0
2022,Need To Know,Doja Cat,18,0
2022,Wasted On You,Morgan Wallen,19,0
2022,Me Porto Bonito,Bad Bunny& Chencho Corleone,20,0
2022,Woman,Doja Cat,21,0
2022,Titi Me Pregunto,Bad Bunny,22,0
2022,Running Up That Hill (A Deal With God),Kate Bush,23,0
2022,We Don't Talk About Bruno,"Carolina Gaitan, Mauro Castillo,Adassa, Rhenzy Feliz, Diane Guerrero, Stephanie Beatriz & Encanto Cast",24,0
2022,Late Night Talking,Harry Styles,25,0
2022,I Like You (A Happier Song),Post MaloneFeaturingDoja Cat,26,0
2022,You Proof,Morgan Wallen,27,0
2022,Bad Habit,Steve Lacy,28,0
2022,Sunroof,Nicky Youre & dazy,29,0
2022,One Right Now,Post Malone&The Weeknd,30,0
2022,Good 4 U,Olivia Rodrigo,31,0
2022,Numb Little Bug,Em Beihold,32,0
2022,Jimmy Cooks,DrakeFeaturing21 Savage,33,0
2022,'Til You Can't,Cody Johnson,34,0
2022,Fancy Like,Walker Hayes,35,0
2022,The Kind Of Love We Make,Luke Combs,36,0
2022,I Ain't Worried,OneRepublic,37,0
2022,Break My Soul,Beyonce,38,0
2022,Something In The Orange,Zach Bryan,39,0
2022,Save Your Tears,The Weeknd& Ariana Grande,40,0
2022,Smokin Out The Window,Silk Sonic(Bruno Mars&Anderson .Paak),41,0
2022,Levitating,Dua Lipa,42,0
2022,In A Minute,Lil Baby,43,0
2022,Moscow Mule,Bad Bunny,44,0
2022,You Right,Doja Cat&The Weeknd,45,0
2022,She Had Me At Heads Carolina,Cole Swindell,46,0
2022,Vegas,Doja Cat,47,0
2022,Pushin P,Gunna&FutureFeaturingYoung Thug,48,0
2022,Buy Dirt,Jordan DavisFeaturingLuke Bryan,49,0
2022,I Hate U,SZA,50,0
2022,Boyfriend,Dove Cameron,51,0
2022,Glimpse Of Us,Joji,52,0
2022,Surface Pressure,Jessica Darrow,53,0
2022,Fall In Love,Bailey Zimmerman,54,0
2022,Love Nwantiti (Ah Ah Ah),CKay,55,0
2022,Super Freaky Girl,Nicki Minaj,56,0
2022,Hrs And Hrs,Muni Long,57,0
2022,Sand In My Boots,Morgan Wallen,58,0
2022,MAMIII,Becky GXKarol G,59,0
2022,Knife Talk,DrakeFeaturing21 Savage&Project Pat,60,0
2022,AA,Walker Hayes,61,0
2022,Sweetest Pie,Megan Thee Stallion&Dua Lipa,62,0
2022,Provenza,Karol G,63,0
2022,Essence,WizkidFeaturingJustin Bieber&Tems,64,0
2022,All I Want For Christmas Is You,Mariah Carey,65,0
2022,Bam Bam,Camila CabelloFeaturingEd Sheeran,66,0
2022,5 Foot 9,Tyler Hubbard,67,0
2022,Get Into It (Yuh),Doja Cat,68,0
2022,Efecto,Bad Bunny,69,0
2022,Rock And A Hard Place,Bailey Zimmerman,70,0
2022,Doin' This,Luke Combs,71,0
2022,Oh My God,Adele,72,0
2022,Better Days,NEIKED X Mae Muller XPolo G,73,0
2022,Meet Me At Our Spot,THE ANXIETY: WILLOW & Tyler Cole,74,0
2022,Fingers Crossed,Lauren Spencer Smith,75,0
2022,All Too Well (Taylor's Version),Taylor Swift,76,0
2022,Party,Bad Bunny&Rauw Alejandro,77,0
2022,Despues de La Playa,Bad Bunny,78,0
2022,You Should Probably Leave,Chris Stapleton,79,0
2022,Rockin' Around The Christmas Tree,Brenda Lee,80,0
2022,Broadway Girls,Lil DurkFeaturingMorgan Wallen,81,0
2022,Take My Name,Parmalee,82,0
2022,What Happened To Virgil,Lil DurkFeaturingGunna,83,0
2022,Puffin On Zootiez,Future,84,0
2022,Like I Love Country Music,Kane Brown,85,0
2022,Jingle Bell Rock,Bobby Helms,86,0
2022,Ojitos Lindos,Bad Bunny& Bomba Estereo,87,0
2022,Trouble With A Heartbreak,Jason Aldean,88,0
2022,A Holly Jolly Christmas,Burl Ives,89,0
2022,Kiss Me More,Doja CatFeaturingSZA,90,0
2022,She Likes It,Russell Dickerson& Jake Scott,91,0
2022,Never Say Never,Cole Swindell/Lainey Wilson,92,0
2022,Damn Strait,Scotty McCreery,93,0
2022,She's All I Wanna Be,Tate McRae,94,0
2022,Last Night Lonely,Jon Pardi,95,0
2022,Flower Shops,ERNESTFeaturingMorgan Wallen,96,0
2022,To The Moon!,JNR CHOI & Sam Tompkins,97,0
2022,Unholy,Sam Smith&Kim Petras,98,0
2022,One Mississippi,Kane Brown,99,0
2022,Circles Around This Town,Maren Morris,100,0
2023,Last Night,Morgan Wallen,1,1
2023,Flowers,Miley Cyrus,2,1
2023,Kill Bill,SZA,3,1
2023,Anti-Hero,Taylor Swift,4,1
2023,Creepin',"Metro Boomin,The Weeknd&21 Savage",5,1
2023,Calm Down,Rema&Selena Gomez,6,1
2023,Die For You,The Weeknd&Ariana Grande,7,1
2023,Fast Car,Luke Combs,8,1
2023,Snooze,SZA,9,1
2023,I'm Good (Blue),David Guetta&Bebe Rexha,10,1
2023,Unholy,Sam Smith&Kim Petras,11,0
2023,You Proof,Morgan Wallen,12,0
2023,Something In The Orange,Zach Bryan,13,0
2023,Rich Flex,Drake&21 Savage,14,0
2023,As It Was,Harry Styles,15,0
2023,Rock And A Hard Place,Bailey Zimmerman,16,0
2023,Under The Influence,Chris Brown,17,0
2023,Cruel Summer,Taylor Swift,18,0
2023,Thinkin' Bout Me,Morgan Wallen,19,0
2023,"Boy's A Liar, Pt. 2",PinkPantheress&Ice Spice,20,0
2023,Favorite Song,Toosii,21,0
2023,Thought You Should Know,Morgan Wallen,22,0
2023,Thank God,Kane BrownWith Katelyn Brown,23,0
2023,Sure Thing,Miguel,24,0
2023,All My Life,Lil DurkFeaturingJ. Cole,25,0
2023,Ella Baila Sola,Eslabon ArmadoXPeso Pluma,26,0
2023,Karma,Taylor SwiftFeaturing Ice Spice,27,0
2023,Just Wanna Rock,Lil Uzi Vert,28,0
2023,Cuff It,Beyonce,29,0
2023,Vampire,Olivia Rodrigo,30,0
2023,Fukumean,Gunna,31,0
2023,Lavender Haze,Taylor Swift,32,0
2023,Players,Coi Leray,33,0
2023,Need A Favor,Jelly Roll,34,0
2023,Dance The Night,Dua Lipa,35,0
2023,Love You Anyway,Luke Combs,36,0
2023,One Thing At A Time,Morgan Wallen,37,0
2023,Superhero (Heroes & Villains),"Metro Boomin,Future&Chris Brown",38,0
2023,Bad Habit,Steve Lacy,39,0
2023,La Bebe,Yng Lvcas xPeso Pluma,40,0
2023,Golden Hour,JVKE,41,0
2023,Religiously,Bailey Zimmerman,42,0
2023,Spin Bout U,Drake&21 Savage,43,0
2023,Cupid,Fifty Fifty,44,0
2023,Search & Rescue,Drake,45,0
2023,Barbie World,Nicki Minaj&Ice SpiceWithAqua,46,0
2023,Next Thing You Know,Jordan Davis,47,0
2023,Escapism,RAYEFeaturing070 Shake,48,0
2023,Un x100to,Grupo FronteraXBad Bunny,49,0
2023,Until I Found You,Stephen Sanchez,50,0
2023,Shirt,SZA,51,0
2023,Paint The Town Red,Doja Cat,52,0
2023,Made You Look,Meghan Trainor,53,0
2023,Wait In The Truck,HARDYFeaturingLainey Wilson,54,0
2023,All I Want For Christmas Is You,Mariah Carey,55,0
2023,Everything I Love,Morgan Wallen,56,0
2023,Chemical,Post Malone,57,0
2023,Heart Like A Truck,Lainey Wilson,58,0
2023,"Going, Going, Gone",Luke Combs,59,0
2023,Rockin' Around The Christmas Tree,Brenda Lee,60,0
2023,Dancin' In The Country,Tyler Hubbard,61,0
2023,Daylight,David Kushner,62,0
2023,Lift Me Up,Rihanna,63,0
2023,Eyes Closed,Ed Sheeran,64,0
2023,TQG,Karol GxShakira,65,0
2023,Try That In A Small Town,Jason Aldean,66,0
2023,Tennessee Orange,Megan Moroney,67,0
2023,Jingle Bell Rock,Bobby Helms,68,0
2023,Princess Diana,Ice Spice&Nicki Minaj,69,0
2023,Tomorrow 2,GloRilla&Cardi B,70,0
2023,A Holly Jolly Christmas,Burl Ives,71,0
2023,Where She Goes,Bad Bunny,72,0
2023,Bebe Dame,Fuerza RegidaXGrupo Frontera,73,0
2023,I Remember Everything,Zach BryanFeaturingKacey Musgraves,74,0
2023,I Like You (A Happier Song),Post MaloneFeaturingDoja Cat,75,0
2023,What It Is (Block Boy),DoechiiFeaturingKodak Black,76,0
2023,Nobody Gets Me,SZA,77,0
2023,Rich Men North Of Richmond,Oliver Anthony Music,78,0
2023,Super Freaky Girl,Nicki Minaj,79,0
2023,Dial Drunk,Noah KahanWithPost Malone,80,0
2023,What Was I Made For?,Billie Eilish,81,0
2023,Seven,Jung KookFeaturingLatto,82,0
2023,Wait For U,FutureFeaturingDrake&Tems,83,0
2023,Last Christmas,Wham!,84,0
2023,Handle On You,Parker McCollum,85,0
2023,Por Las Noches,Peso Pluma,86,0
2023,Memory Lane,Old Dominion,87,0
2023,Area Codes,Kaliii,88,0
2023,Bury Me In Georgia,Kane Brown,89,0
2023,PRC,Peso PlumaXNatanael Cano,90,0
2023,What My World Spins Around,Jordan Davis,91,0
2023,Ain't That Some,Morgan Wallen,92,0
2023,Wild As Her,Corey Kent,93,0
2023,Peaches & Eggplants,Young Nudy Featuring21 Savage,94,0
2023,I Wrote The Book,Morgan Wallen,95,0
2023,"Bzrp Music Sessions, Vol. 53",Bizarrap&Shakira,96,0
2023,Meltdown,Travis ScottFeaturingDrake,97,0
2023,Put It On Da Floor Again,LattoFeaturingCardi B,98,0
2023,Bloody Mary,Lady Gaga,99,0
2023,Watermelon Moonshine,Lainey Wilson,100,0
